match_id,date,group,home_team,away_team,home_elo,away_elo,home_xg,away_xg,home_prob,draw_prob,away_prob,home_odds,draw_odds,away_odds,model_home_prob,model_draw_prob,model_away_prob,market_home_prob,market_draw_prob,market_away_prob,forecast_as_of,matchup_key
1,2026-06-11,A,Mexico,South Africa,1675,1455,1.979,0.721,0.6685593977129703,0.2041171863154212,0.1273234159716084,,,,,,,,,,2026-06-15T11:15:23-07:00,mexico||south africa
52,2026-06-22,I,Norway,Senegal,1565,1665,1.064,1.636,0.2864326952178889,0.252457084178547,0.461110220603564,2.15,3.45,3.4,0.2472027323881364,0.24649831355258,0.5062989540592835,0.4433525465368988,0.2762921666824152,0.280355286780686,2026-06-15T11:15:23-07:00,norway||senegal
51,2026-06-22,I,France,Iraq,1865,1385,2.721,0.4,0.8558173804082054,0.1074270067652711,0.0367556128265234,1.11,9.5,23.0,0.8551984170549882,0.1092125613633944,0.0355890215816174,0.8582932338210743,0.1002847883727781,0.0414219778061475,2026-06-15T11:15:23-07:00,france||iraq
50,2026-06-16,I,Iraq,Norway,1385,1565,0.836,1.864,0.1453008813398061,0.2049718372298919,0.6497272814303019,13.0,6.75,1.2,0.1634565189022139,0.2212215260124659,0.6153219550853201,0.0726783310901749,0.1399730820995962,0.7873485868102288,2026-06-15T11:15:23-07:00,iraq||norway
49,2026-06-16,I,France,Senegal,1865,1665,1.921,0.779,0.6412854427687328,0.2124607745643943,0.1462537826668728,1.48,4.5,6.25,0.6419326806040975,0.2130609233548059,0.1450063960410964,0.6386964914272737,0.2100601794027478,0.1512433291699784,2026-06-15T11:15:23-07:00,france||senegal
48,2026-06-26,H,Uruguay,Spain,1765,1845,1.121,1.579,0.2518857739677631,0.2486112676506209,0.4995029583816159,5.4,4.0,1.65,0.2703948084055406,0.2507398323401557,0.4788653592543037,0.1778496362166531,0.2400970088924817,0.582053354890865,2026-06-15T11:15:23-07:00,spain||uruguay
47,2026-06-26,H,Saudi Arabia,Cape Verde,1485,1365,1.693,1.007,0.5337559196010097,0.2413841653510853,0.2248599150479049,,,,,,,,,,2026-06-15T11:15:23-07:00,cape verde||saudi arabia
53,2026-06-26,I,Iraq,Senegal,1385,1665,0.55,2.15,0.0817727707458631,0.1746531321906337,0.7435740970635032,,,,,,,,,,2026-06-15T11:15:23-07:00,iraq||senegal
46,2026-06-21,H,Uruguay,Cape Verde,1765,1365,2.493,0.4,0.7974750558315642,0.1445527435748566,0.0579722005935793,1.42,4.5,8.0,0.8294019593243388,0.1278537201662452,0.042744320509416,0.6697674418604651,0.2113488372093023,0.1188837209302325,2026-06-15T11:15:23-07:00,cape verde||uruguay
44,2026-06-15,H,Saudi Arabia,Uruguay,1485,1765,0.55,2.15,0.0897804773030579,0.183327013945197,0.7268925087517452,7.75,4.33,1.43,0.0817727707458631,0.1746531321906337,0.7435740970635032,0.1218113035318372,0.2180225409634501,0.6601661555047127,2026-06-15T11:15:23-07:00,saudi arabia||uruguay
43,2026-06-15,H,Spain,Cape Verde,1845,1365,2.721,0.4,0.8578903668292504,0.1054050472023282,0.0367045859684214,1.09,10.5,23.0,0.8551984170549882,0.1092125613633944,0.0355890215816174,0.868658165926299,0.0901749905580634,0.0411668435156376,2026-06-15T11:15:23-07:00,cape verde||spain
42,2026-06-26,G,New Zealand,Belgium,1415,1780,0.4,2.393,0.0543812106985258,0.1436145719389908,0.8020042173624834,11.0,5.6,1.28,0.0463465404106235,0.1370307680330471,0.8166226915563293,0.0865198918501352,0.1699497875627655,0.7435303205870993,2026-06-15T11:15:23-07:00,belgium||new zealand
41,2026-06-26,G,Iran,Egypt,1505,1555,1.207,1.493,0.3068536456525714,0.2554185732511336,0.4377277810962949,,,,,,,,,,2026-06-15T11:15:23-07:00,egypt||iran
40,2026-06-21,G,New Zealand,Egypt,1415,1555,0.95,1.75,0.1993165450090159,0.2411843070012178,0.5594991479897663,5.2,3.6,1.72,0.2034226188794174,0.2354359603110685,0.561141420809514,0.1828922495274101,0.2641776937618147,0.5529300567107751,2026-06-15T11:15:23-07:00,egypt||new zealand
39,2026-06-21,G,Belgium,Iran,1780,1505,2.136,0.564,0.7241733465339002,0.1828551153766171,0.0929715380894826,1.41,4.6,7.6,0.7376617581261574,0.1772096671972677,0.0851285746765747,0.670219700164871,0.2054369080940148,0.1243433917411142,2026-06-15T11:15:23-07:00,belgium||iran
45,2026-06-21,H,Spain,Saudi Arabia,1845,1485,2.379,0.4,0.8242881753429475,0.1308476058250998,0.0448642188319526,1.11,9.5,26.0,0.8147564413116778,0.1383679079727034,0.0468756507156186,0.8624151114680259,0.1007663972346851,0.0368184912972888,2026-06-15T11:15:23-07:00,saudi arabia||spain
55,2026-06-16,J,Argentina,Algeria,1885,1525,2.379,0.4,0.7873632658226449,0.150648296458715,0.0619884377186398,1.4,4.75,7.75,0.8147564413116778,0.1383679079727034,0.0468756507156186,0.6777905638665133,0.1997698504027618,0.1224395857307249,2026-06-15T11:15:23-07:00,algeria||argentina
56,2026-06-17,J,Austria,Jordan,1655,1375,2.15,0.55,0.7378575000485904,0.1752745499950509,0.0868679499563586,1.35,5.43,9.0,0.7435740970635032,0.1746531321906337,0.0817727707458631,0.7149911119889394,0.1777602212127197,0.1072486667983409,2026-06-15T11:15:23-07:00,austria||jordan
57,2026-06-22,J,Argentina,Austria,1885,1655,2.007,0.693,0.6623041724982348,0.2084054320916341,0.129290395410131,1.62,3.9,5.6,0.6812242929797637,0.1995881760935918,0.1191875309266444,0.5866236905721192,0.2436744560838034,0.1697018533440773,2026-06-15T11:15:23-07:00,argentina||austria
72,2026-06-27,L,Panama,England,1425,1835,0.4,2.521,0.0507272005444918,0.1320275849768145,0.8172452144786936,11.0,6.0,1.26,0.0417892340368262,0.1253982423740724,0.8328125235891013,0.0864790665751544,0.1585449553877831,0.7549759780370624,2026-06-15T11:15:23-07:00,england||panama
71,2026-06-27,L,Ghana,Croatia,1435,1745,0.464,2.236,0.0626191388772349,0.1585281870329046,0.7788526740898605,,,,,,,,,,2026-06-15T11:15:23-07:00,croatia||ghana
70,2026-06-23,L,Panama,Croatia,1425,1745,0.436,2.264,0.0751019217550358,0.1716654751379929,0.7532326031069712,6.4,3.85,1.56,0.0569219505570732,0.1531494048380708,0.789928644604856,0.1478218065468865,0.2457297563376815,0.6064484371154318,2026-06-15T11:15:23-07:00,croatia||panama
69,2026-06-23,L,England,Ghana,1835,1435,2.493,0.4,0.8051540683912637,0.1405237513845802,0.0543221802241559,1.35,5.0,9.5,0.8294019593243388,0.1278537201662452,0.042744320509416,0.7081625046589639,0.1912038762579203,0.1006336190831159,2026-06-15T11:15:23-07:00,england||ghana
68,2026-06-17,L,Ghana,Panama,1435,1425,1.379,1.321,0.3945129864758395,0.2643305982796408,0.3411564152445197,2.15,3.25,3.4,0.3841561260822734,0.2583154078258801,0.3575284660918464,0.4359404280501035,0.2883913600946839,0.2756682118552125,2026-06-15T11:15:23-07:00,ghana||panama
67,2026-06-17,L,England,Croatia,1835,1745,1.607,1.093,0.5022182486502643,0.2513842020391267,0.2463975493106091,1.74,3.6,4.8,0.4923326302259229,0.2487674985985697,0.2588998711755074,0.5417607223476297,0.2618510158013544,0.1963882618510158,2026-06-15T11:15:23-07:00,croatia||england
66,2026-06-27,K,Colombia,Portugal,1735,1815,1.121,1.579,0.2697732935329431,0.2580386743827628,0.472188032084294,3.6,3.35,2.16,0.2703948084055406,0.2507398323401557,0.4788653592543037,0.2672872340425532,0.2872340425531914,0.4454787234042553,2026-06-15T11:15:23-07:00,colombia||portugal
65,2026-06-27,K,Uzbekistan,DR Congo,1405,1395,1.379,1.321,0.3841561260822734,0.2583154078258801,0.3575284660918464,,,,,,,,,,2026-06-15T11:15:23-07:00,dr congo||uzbekistan
64,2026-06-23,K,Colombia,DR Congo,1735,1395,2.321,0.4,0.7748179443770402,0.1605177155381094,0.0646643400848503,1.47,4.2,7.5,0.8068147978710414,0.1440494730125462,0.0491357291164122,0.646830530401035,0.2263906856403622,0.1267787839586028,2026-06-15T11:15:23-07:00,colombia||dr congo
63,2026-06-23,K,Portugal,Uzbekistan,1815,1405,2.521,0.4,0.8178150930063717,0.1321472594676269,0.0500376475260013,1.26,6.0,11.5,0.8328125235891014,0.1253982423740724,0.0417892340368262,0.7578253706754531,0.1591433278418451,0.0830313014827018,2026-06-15T11:15:23-07:00,portugal||uzbekistan
62,2026-06-17,K,Uzbekistan,Colombia,1405,1735,0.407,2.293,0.0610248917569339,0.1584211568173505,0.7805539514257155,9.5,4.7,1.36,0.0512975306931656,0.1475277123985995,0.8011747569082348,0.0999343360120071,0.2019949344923548,0.698070729495638,2026-06-15T11:15:23-07:00,colombia||uzbekistan
61,2026-06-17,K,Portugal,DR Congo,1815,1395,2.55,0.4,0.8184639196176563,0.1316227414689562,0.0499133389133875,1.27,5.7,11.0,0.8362703796851039,0.1229059548725203,0.0408236654423756,0.7472380793478649,0.1664898878546997,0.0862720327974353,2026-06-15T11:15:23-07:00,dr congo||portugal
60,2026-06-27,J,Jordan,Argentina,1375,1885,0.4,2.807,0.0390688134269382,0.1111584541974408,0.8497727323756208,15.0,6.5,1.18,0.0332300918223316,0.1029343947590905,0.8638355134185778,0.062423699845365,0.1440546919508423,0.7935216082037927,2026-06-15T11:15:23-07:00,argentina||jordan
59,2026-06-27,J,Austria,Algeria,1655,1525,1.721,0.979,0.5472232560218266,0.2385638298305753,0.2142129141475979,,,,,,,,,,2026-06-15T11:15:23-07:00,algeria||austria
58,2026-06-22,J,Jordan,Algeria,1375,1525,0.921,1.779,0.1824728888559235,0.2299019229087382,0.5876251882353382,6.75,4.3,1.49,0.1928796886537425,0.232103659145436,0.5750166522008214,0.1408456896646478,0.2210949779619472,0.6380593323734048,2026-06-15T11:15:23-07:00,algeria||jordan
38,2026-06-15,G,Iran,New Zealand,1505,1415,1.607,1.093,0.4996658541086021,0.2557611374765282,0.2445730084148697,1.77,3.3,5.0,0.4923326302259229,0.2487674985985697,0.2588998711755074,0.528998749639319,0.283735692988362,0.1872655573723189,2026-06-15T11:15:23-07:00,iran||new zealand
37,2026-06-15,G,Belgium,Egypt,1780,1555,1.993,0.707,0.6600075844067536,0.2086270026761862,0.1313654129170601,1.57,4.0,5.75,0.6749083253821612,0.2018690499581676,0.1232226246596712,0.600404620505123,0.2356588135482608,0.1639365659466162,2026-06-15T11:15:23-07:00,belgium||egypt
54,2026-06-26,I,Norway,France,1565,1865,0.493,2.207,0.0974452285405335,0.1828068783591458,0.7197478931003206,4.5,3.7,1.8,0.0687979396871283,0.1640386839088177,0.767163376404054,0.2120343839541547,0.2578796561604584,0.5300859598853869,2026-06-15T11:15:23-07:00,france||norway
35,2026-06-25,F,Sweden,Japan,1645,1705,1.179,1.521,0.2948009429056093,0.254126894620217,0.4510721624741738,,,,,,,,,,2026-06-15T11:15:23-07:00,japan||sweden
16,2026-06-19,C,Scotland,Morocco,1495,1715,0.721,1.979,0.1391189571710616,0.2168225221250839,0.6440585207038545,5.1,3.55,1.74,0.1273234159716084,0.2041171863154212,0.6685593977129703,0.1863011219688744,0.2676438653637351,0.5460550126673904,2026-06-15T11:15:23-07:00,morocco||scotland
15,2026-06-19,C,Brazil,Haiti,1825,1355,2.693,0.4,0.8559111178507316,0.1073124785406515,0.0367764036086168,1.1,10.5,25.0,0.8522632962522305,0.1113417256836904,0.036394978064079,0.8705024042447355,0.0911954899684961,0.0383021057867683,2026-06-15T11:15:23-07:00,brazil||haiti
14,2026-06-13,C,Haiti,Scotland,1355,1495,0.95,1.75,0.2034226188794174,0.2354359603110685,0.561141420809514,,,,,,,,,,2026-06-15T11:15:23-07:00,haiti||scotland
13,2026-06-13,C,Brazil,Morocco,1825,1715,1.664,1.036,0.519789560134774,0.2440928963355794,0.2361175435296468,,,,,,,,,,2026-06-15T11:15:23-07:00,brazil||morocco
12,2026-06-24,B,Switzerland,Canada,1685,1515,1.836,0.864,0.5725615401964093,0.2361113971424523,0.1913270626611384,2.1,3.4,3.6,0.6021161791430616,0.224983344423611,0.1729004764333273,0.4543429844097996,0.2806236080178174,0.2650334075723831,2026-06-15T11:15:23-07:00,canada||switzerland
11,2026-06-24,B,Qatar,Bosnia and Herzegovina,1465,1445,1.407,1.293,0.3971788447896483,0.2579584539367884,0.3448627012735633,,,,,,,,,,2026-06-15T11:15:23-07:00,bosnia and herzegovina||qatar
10,2026-06-18,B,Switzerland,Bosnia and Herzegovina,1685,1445,2.036,0.664,0.6941972785991223,0.1947636727622998,0.1110390486385779,,,,,,,,,,2026-06-15T11:15:23-07:00,bosnia and herzegovina||switzerland
9,2026-06-18,B,Canada,Qatar,1515,1465,1.493,1.207,0.5030484669152525,0.2361819923588686,0.2607695407258787,1.25,6.0,12.5,0.4377277810962949,0.2554185732511336,0.3068536456525714,0.7643312101910829,0.1592356687898089,0.0764331210191082,2026-06-15T11:15:23-07:00,canada||qatar
8,2026-06-13,B,Qatar,Switzerland,1465,1685,0.721,1.979,0.1273234159716084,0.2041171863154212,0.6685593977129703,,,,,,,,,,2026-06-15T11:15:23-07:00,qatar||switzerland
7,2026-06-12,B,Canada,Bosnia and Herzegovina,1515,1445,1.55,1.15,0.4649472872010596,0.2525522982960801,0.2825004145028602,,,,,,,,,,2026-06-15T11:15:23-07:00,bosnia and herzegovina||canada
6,2026-06-24,A,Czechia,Mexico,1535,1675,0.95,1.75,0.2034226188794174,0.2354359603110685,0.561141420809514,,,,,,,,,,2026-06-15T11:15:23-07:00,czechia||mexico
5,2026-06-24,A,South Korea,South Africa,1615,1455,1.807,0.893,0.5883611345617102,0.2286983304590461,0.1829405349792436,,,,,,,,,,2026-06-15T11:15:23-07:00,south africa||south korea
4,2026-06-18,A,Czechia,South Africa,1535,1455,1.579,1.121,0.4788653592543037,0.2507398323401558,0.2703948084055406,,,,,,,,,,2026-06-15T11:15:23-07:00,czechia||south africa
3,2026-06-18,A,Mexico,South Korea,1675,1615,1.521,1.179,0.4571292541005856,0.2607726982776451,0.2820980476217693,1.97,3.3,4.1,0.4510721624741737,0.2541268946202169,0.2948009429056092,0.4813576206062331,0.2873559129073573,0.2312864664864096,2026-06-15T11:15:23-07:00,mexico||south korea
36,2026-06-25,F,Tunisia,Netherlands,1545,1795,0.636,2.064,0.106292206723396,0.1868604553577192,0.7068473379188847,8.0,5.4,1.33,0.1034414440422117,0.1899847331052478,0.7065738228525404,0.1176952574481334,0.1743633443676051,0.7079413981842615,2026-06-15T11:15:23-07:00,netherlands||tunisia
17,2026-06-24,C,Haiti,Morocco,1355,1715,0.4,2.379,0.0468756507156186,0.1383679079727034,0.8147564413116778,,,,,,,,,,2026-06-15T11:15:23-07:00,haiti||morocco
18,2026-06-24,C,Scotland,Brazil,1495,1825,0.407,2.293,0.0683467136828915,0.1570345829593925,0.774618703357716,7.0,4.9,1.43,0.0512975306931656,0.1475277123985995,0.8011747569082348,0.1365434456417951,0.1950620652025644,0.6683944891556405,2026-06-15T11:15:23-07:00,brazil||scotland
2,2026-06-11,A,South Korea,Czechia,1615,1535,1.579,1.121,0.4788653592543037,0.2507398323401558,0.2703948084055406,,,,,,,,,,2026-06-15T11:15:23-07:00,czechia||south korea
30,2026-06-25,E,Ecuador,Germany,1625,1775,0.921,1.779,0.1918593064785495,0.2347940384274599,0.5733466550939905,5.1,3.9,1.69,0.1928796886537425,0.232103659145436,0.5750166522008214,0.1877777777777778,0.2455555555555555,0.5666666666666667,2026-06-15T11:15:23-07:00,ecuador||germany
34,2026-06-21,F,Tunisia,Japan,1545,1705,0.893,1.807,0.1735889603957923,0.229460061168891,0.5969509784353166,7.0,4.1,1.51,0.1829405349792436,0.2286983304590461,0.5883611345617102,0.1361826620619872,0.2325069840082708,0.631310353929742,2026-06-15T11:15:23-07:00,japan||tunisia
33,2026-06-20,F,Netherlands,Sweden,1795,1645,1.779,0.921,0.5733160740542351,0.2357746704356148,0.1909092555101499,1.68,3.8,5.2,0.5750166522008214,0.232103659145436,0.1928796886537425,0.5665137614678899,0.2504587155963302,0.1830275229357797,2026-06-15T11:15:23-07:00,netherlands||sweden
32,2026-06-14,F,Sweden,Tunisia,1645,1545,1.636,1.064,0.5062989540592835,0.24649831355258,0.2472027323881364,,,,,,,,,,2026-06-15T11:15:23-07:00,sweden||tunisia
31,2026-06-14,F,Netherlands,Japan,1795,1705,1.607,1.093,0.4923326302259229,0.2487674985985697,0.2588998711755074,,,,,,,,,,2026-06-15T11:15:23-07:00,japan||netherlands
19,2026-06-12,D,United States,Paraguay,1695,1575,1.693,1.007,0.5337559196010097,0.2413841653510853,0.2248599150479049,,,,,,,,,,2026-06-15T11:15:23-07:00,paraguay||united states
29,2026-06-25,E,Ivory Coast,Curacao,1585,1345,2.036,0.664,0.6941972785991223,0.1947636727622998,0.1110390486385779,,,,,,,,,,2026-06-15T11:15:23-07:00,curacao||ivory coast
28,2026-06-20,E,Ecuador,Curacao,1625,1345,2.15,0.55,0.7435740970635032,0.1746531321906337,0.0817727707458631,,,,,,,,,,2026-06-15T11:15:23-07:00,curacao||ecuador
27,2026-06-20,E,Germany,Ivory Coast,1775,1585,1.893,0.807,0.6260249598767641,0.219075928497921,0.1548991116253149,1.55,4.2,6.0,0.6289101318137678,0.2171514212295703,0.1539384469566619,0.6144842721287491,0.226773957571324,0.1587417702999268,2026-06-15T11:15:23-07:00,germany||ivory coast
26,2026-06-14,E,Ivory Coast,Ecuador,1585,1625,1.236,1.464,0.3195101489859741,0.2565170329445302,0.4239728180694956,,,,,,,,,,2026-06-15T11:15:23-07:00,ecuador||ivory coast
25,2026-06-14,E,Germany,Curacao,1775,1345,2.579,0.4,0.8396539343112179,0.1204644976885028,0.0398815680002792,,,,,,,,,,2026-06-15T11:15:23-07:00,curacao||germany
24,2026-06-25,D,Turkey,United States,1635,1695,1.179,1.521,0.2948009429056093,0.254126894620217,0.4510721624741738,,,,,,,,,,2026-06-15T11:15:23-07:00,turkey||united states
23,2026-06-25,D,Australia,Paraguay,1595,1575,1.407,1.293,0.3971788447896483,0.2579584539367884,0.3448627012735633,,,,,,,,,,2026-06-15T11:15:23-07:00,australia||paraguay
22,2026-06-19,D,Turkey,Paraguay,1635,1575,1.521,1.179,0.4551558173124317,0.2601618549238892,0.284682327763679,2.02,3.35,3.9,0.4510721624741737,0.2541268946202169,0.2948009429056092,0.4714904366654637,0.2843016961385781,0.2442078671959582,2026-06-15T11:15:23-07:00,paraguay||turkey
21,2026-06-19,D,United States,Australia,1695,1595,1.636,1.064,0.5062989540592835,0.24649831355258,0.2472027323881364,,,,,,,,,,2026-06-15T11:15:23-07:00,australia||united states
20,2026-06-14,D,Australia,Turkey,1595,1635,1.236,1.464,0.3195101489859741,0.2565170329445302,0.4239728180694956,,,,,,,,,,2026-06-15T11:15:23-07:00,australia||turkey
def55b09ef3d6854e3c01e74b5c63415,2026-06-28T19:00:00Z,-,South Africa,Canada,1455,1515,1.179,1.521,0.2698123417241168,0.2540324195462868,0.4761552387295963,5.6,3.75,1.65,0.2948009429056093,0.254126894620217,0.4510721624741738,0.169857936998147,0.2536545192505661,0.5764875437512867,2026-06-25T08:40:02Z,canada||south africa
9eeb4876001f5a52ce3c3641bd5f1f2f,2026-07-02T00:00:00Z,-,United States,Bosnia and Herzegovina,1695,1445,2.064,0.636,0.7065738228525404,0.1899847331052478,0.1034414440422117,,,,,,,,,,2026-06-25T20:59:29Z,bosnia and herzegovina||united states
4f3d72fba877939d36a5315618184093,2026-06-29T17:00:00Z,-,Brazil,Japan,1825,1705,1.693,1.007,0.5362197527456543,0.2449844653866703,0.2187957818676754,1.71,3.6,4.8,0.5337559196010097,0.2413841653510853,0.2248599150479049,0.546075085324232,0.2593856655290102,0.1945392491467577,2026-06-26T08:44:11Z,brazil||japan
5a34afe2de99513ba48360b983cfe80c,2026-06-30T01:00:00Z,-,Netherlands,Morocco,1795,1715,1.579,1.121,0.4742321782954987,0.2584629008864054,0.2673049208180961,2.07,3.26,3.7,0.4788653592543037,0.2507398323401558,0.2703948084055406,0.4556994544602784,0.2893551750714037,0.2549453704683178,2026-06-26T08:44:11Z,morocco||netherlands
3e161b2448ed76d6b0c0f5bda6fd5bf2,2026-07-03T22:00:00Z,-,Argentina,Cape Verde,1885,1365,2.836,0.4,0.8565879052588079,0.1061958236949942,0.0372162710461978,1.17,7.5,17.0,0.8666238451697061,0.1009034579397494,0.0324726968905444,0.8164441456152147,0.1273652867159734,0.0561905676688118,2026-06-27T08:14:34Z,argentina||cape verde
ce017bea1a26252278053ce759e2416b,2026-06-30T17:00:00Z,-,Ivory Coast,Norway,1585,1565,1.407,1.293,0.3653700678203185,0.2600309794746136,0.3745989527050679,4.0,3.55,1.93,0.3971788447896483,0.2579584539367884,0.3448627012735633,0.2381349599429991,0.2683210816259145,0.4935439584310863,2026-06-27T08:14:34Z,ivory coast||norway
0b5491529142c9bcc3f88bf45ccb0a7b,2026-06-30T21:00:00Z,-,France,Sweden,1865,1645,1.979,0.721,0.6850761269228257,0.196474676550704,0.1184491965264702,1.27,5.75,11.5,0.6685593977129703,0.2041171863154212,0.1273234159716084,0.7511430437622468,0.1659046374918354,0.0829523187459177,2026-06-27T08:14:34Z,france||sweden
fb270a3dac2b682c861bd674a5ff4a04,2026-07-03T18:00:00Z,-,Australia,Egypt,1595,1555,1.464,1.236,0.3934872864365407,0.2675354663337568,0.3389772472297024,3.5,3.05,2.28,0.4239728180694956,0.2565170329445302,0.3195101489859741,0.2715451599047209,0.3116091998906634,0.4168456402046155,2026-06-27T08:14:34Z,australia||egypt
4930db8e83436874d09e59bd0e29c1a5,2026-06-29T20:30:00Z,-,Germany,Paraguay,1775,1575,1.921,0.779,0.6538467887209302,0.2091029978105448,0.1370502134685249,1.35,4.9,9.0,0.6419326806040975,0.2130609233548059,0.1450063960410964,0.7015032211882605,0.1932712956335003,0.105225483178239,2026-06-27T08:14:34Z,germany||paraguay
f58c55a9da96af562c31b7c5cca40187,2026-07-01T01:00:00Z,-,Mexico,Ecuador,1675,1625,1.493,1.207,0.4364936146367015,0.2687026746928609,0.2948037106704375,2.2,2.95,3.85,0.4377277810962949,0.2554185732511336,0.3068536456525714,0.431556948798328,0.32183908045977,0.2466039707419017,2026-06-28T08:34:51Z,ecuador||mexico
5ff7744314f224c18d1604ee9cc19263,2026-07-01T16:00:00Z,-,England,DR Congo,1835,1395,2.607,0.4,0.8218207809619249,0.1304341897013511,0.0477450293367238,1.29,5.3,11.5,0.842851730844027,0.118154571747008,0.0389936974089649,0.7376969814335165,0.1795526615187238,0.0827503570477596,2026-06-28T08:34:51Z,dr congo||england
88e032a2b2e5042d26db3f0da1df924a,2026-07-04T01:30:00Z,-,Colombia,Ghana,1735,1435,2.207,0.493,0.7326062031312753,0.1826365696170139,0.0847572272517106,1.6,3.7,6.4,0.767163376404054,0.1640386839088177,0.0687979396871283,0.5943775100401607,0.2570281124497992,0.1485943775100401,2026-06-28T08:34:51Z,colombia||ghana
a518ac20df8f5c732b881e213ae0c230,2026-07-02T19:00:00Z,-,Spain,Austria,1845,1655,1.893,0.807,0.6531794050406176,0.2090109796649148,0.1378096152944677,1.27,5.4,13.0,0.6289101318137678,0.2171514212295703,0.1539384469566619,0.7502564979480165,0.1764492134062927,0.0732942886456908,2026-06-28T08:34:51Z,austria||spain
852b4baf0be4b9eef2a30596a8d39249,2026-07-02T23:00:00Z,-,Portugal,Croatia,1815,1745,1.55,1.15,0.4739098880191667,0.2581761564279028,0.2679139555529304,1.85,3.36,4.5,0.4649472872010596,0.2525522982960801,0.2825004145028602,0.5097602912915951,0.2806715889551937,0.2095681197532113,2026-06-28T08:34:51Z,croatia||portugal
c17fe2e46190d7ab6af01504ff240e82,2026-07-03T03:00:00Z,-,Switzerland,Algeria,1685,1525,1.807,0.893,0.5730239330300788,0.2355474968545465,0.1914285701153745,1.85,3.6,4.2,0.5883611345617102,0.2286983304590461,0.1829405349792436,0.5116751269035532,0.2629441624365482,0.2253807106598984,2026-06-28T08:34:51Z,algeria||switzerland
658ac8cbf214ca3cc150109b4ddc1e74,2026-07-01T20:00:00Z,-,Belgium,Senegal,1780,1665,1.679,1.021,0.5096102468858285,0.2554901682063492,0.2348995849078223,2.16,3.1,3.75,0.527015079528144,0.2427191312866636,0.2302657891851923,0.4399909163165663,0.3065743158850914,0.2534347677983422,2026-06-28T08:34:51Z,belgium||senegal
9c7073ae2c29ee4881bb695f92168c68,2026-07-04T17:00:00Z,-,Canada,Morocco,1515,1715,0.779,1.921,0.1540102133017523,0.2232335948906158,0.6227561918076319,5.0,3.6,1.74,0.1450063960410964,0.2130609233548059,0.6419326806040975,0.1900254823443757,0.2639242810338551,0.5460502366217691,2026-06-30T08:43:04Z,canada||morocco
a4634eae056c18d705e3feffb347163f,2026-07-05T20:00:00Z,-,Brazil,Norway,1825,1565,2.093,0.607,0.6770724025332716,0.2015014442259136,0.1214261532408147,1.87,3.55,4.25,0.7192279279732351,0.1849189135608223,0.0958531584659425,0.5084503007734172,0.267831566886279,0.2237181323403036,2026-06-30T20:57:21Z,brazil||norway
c798a1ffdeda28e82d930e7145a8ff10,2026-07-04T21:00:00Z,-,Paraguay,France,1575,1865,0.521,2.179,0.071240608515739,0.1626666381814956,0.7660927533027654,17.0,7.0,1.18,0.0750336550242556,0.169291755505854,0.7556745894698902,0.0560684224816725,0.1361661688840618,0.8077654086342655,2026-07-01T08:58:43Z,france||paraguay
e61a7b471cadc8e3849158ed59d49cab,2026-07-06T00:00:00Z,-,Mexico,England,1675,1835,0.893,1.807,0.2017095708405377,0.2445658072243797,0.5537246219350825,3.45,3.1,2.3,0.1829405349792436,0.2286983304590461,0.5883611345617102,0.2767857142857143,0.3080357142857142,0.4151785714285714,2026-07-01T20:48:06Z,england||mexico
810f80b3ae79f5e86b3747ca15718ed8,2026-07-07T00:00:00Z,-,United States,Belgium,1695,1780,1.107,1.593,0.2646231148195949,0.2497807521725463,0.4855961330078587,,,,,,,,,,2026-07-02T08:28:18Z,belgium||united states
16ed3adcf661b3a9bea39871a2d204df,2026-07-06T19:00:00Z,-,Portugal,Spain,1815,1845,1.264,1.436,0.3117616195182705,0.2592921183254029,0.4289462621563266,4.1,3.55,1.89,0.3318884203859126,0.2573445066535439,0.4107670729605434,0.2312544160477019,0.2670825650128388,0.5016630189394593,2026-07-03T08:32:31Z,portugal||spain
a6da973c5749ce60adab77d64b3664f4,2026-07-07T20:00:00Z,-,Switzerland,Colombia,1685,1735,1.207,1.493,0.2975813246262539,0.2677212551276797,0.4346974202460663,3.65,3.0,2.25,0.3068536456525714,0.2554185732511336,0.4377277810962949,0.260492040520984,0.3169319826338639,0.4225759768451519,2026-07-04T08:08:53Z,colombia||switzerland
190922affd0be754bfefd71548dbf90d,2026-07-07T16:00:00Z,-,Argentina,Egypt,1885,1555,2.293,0.407,0.7811439624568548,0.1577466810491218,0.0611093564940233,1.36,4.8,9.5,0.8011747569082348,0.1475277123985995,0.0512975306931656,0.7010207846513343,0.1986225556512114,0.1003566596974541,2026-07-04T08:08:53Z,argentina||egypt
b6e926d7f026782b9cab2fa02b823d92,2026-07-09T20:00:00Z,-,France,Morocco,1865,1715,1.779,0.921,0.5801889630825893,0.2340613265151779,0.1857497104022329,1.57,3.9,6.0,0.5750166522008214,0.232103659145436,0.1928796886537425,0.6008782066096602,0.2418919959941453,0.1572297973961944,2026-07-05T08:24:02Z,france||morocco
e66e4478b739fa0657a7a11235e1fcee,2026-07-11T21:00:00Z,-,Norway,England,1565,1835,0.579,2.121,0.1200037026199858,0.1978010725448016,0.6821952248352127,3.85,3.5,1.94,0.0887981668918424,0.1799242331595482,0.7312775999486094,0.2448258455325593,0.2693084300858152,0.4858657243816255,2026-07-06T09:15:44Z,england||norway
fca257de4583bd4bc592e8b2a8f24ad7,2026-07-10T19:00:00Z,-,Spain,Belgium,1845,1780,1.536,1.164,0.4821394991918179,0.2515930314987203,0.2662674693094617,1.63,3.85,5.3,0.4582428276768291,0.2533423489863621,0.2884148233368088,0.5777261852517731,0.2445957615481532,0.1776780532000736,2026-07-07T08:48:38Z,belgium||spain
200d9cd5eda092c7eb778cc104cd2fd2,2026-07-12T01:00:00Z,-,Argentina,Switzerland,1885,1685,1.921,0.779,0.6256956771935585,0.2265235050389849,0.1477808177674566,1.7,3.4,6.0,0.6419326806040975,0.2130609233548059,0.1450063960410964,0.5607476635514018,0.2803738317757009,0.1588785046728972,2026-07-08T07:44:23Z,argentina||switzerland
f9aa13a662d1658e5a02cfc06d6a2d73,2026-07-14T19:00:00Z,-,France,Spain,1865,1845,1.407,1.293,0.3987439659513903,0.2649366375436548,0.3363193965049548,2.35,3.25,3.15,0.3971788447896483,0.2579584539367884,0.3448627012735633,0.4050044505983582,0.2928493719711206,0.3021461774305212,2026-07-11T07:22:06Z,france||spain
ced22494ae0bbb8cc4f7108bf6f493df,2026-07-15T19:00:00Z,-,England,Argentina,1835,1885,1.207,1.493,0.3212466639762322,0.2674713148127195,0.4112820212110482,2.5,3.0,3.1,0.3068536456525714,0.2554185732511336,0.4377277810962949,0.3788187372708758,0.3156822810590631,0.3054989816700611,2026-07-12T07:39:44Z,argentina||england
7a49e7985534a5ff3428740d0b630fd7,2026-07-18T21:00:00Z,-,France,England,1865,1835,1.436,1.264,0.4253855404221053,0.2571385482485633,0.3174759113293313,1.96,3.7,3.65,0.4107670729605434,0.2573445066535439,0.3318884203859126,0.483859410268353,0.2563147146286409,0.259825875103006,2026-07-16T07:34:18Z,england||france
fb30113e43d113f1ace48b8563ba1ee9,2026-07-19T19:00:00Z,-,Spain,Argentina,1845,1885,1.236,1.464,0.3378452204097324,0.2704361549101732,0.3917186246800943,2.3,2.9,3.6,0.3195101489859741,0.2565170329445302,0.4239728180694956,0.4111855061047657,0.3261126427727451,0.2627018511224891,2026-07-16T07:34:18Z,argentina||spain
