event_id,commence_time,home_team,away_team,completed,home_score,away_score,last_update,commence_dt,matchup_key,stage,match_id,date,group,home_elo,away_elo,home_xg,away_xg,home_prob,draw_prob,away_prob,home_odds,draw_odds,away_odds,model_home_prob,model_draw_prob,model_away_prob,market_home_prob,market_draw_prob,market_away_prob,forecast_as_of,forecast_home_team,forecast_away_team,predicted_result,actual_result,result_hit,actual_score,top1_hit,top3_hit,top5_hit,top8_hit
mex_sa_20260611,2026-06-11T19:00:00Z,Mexico,South Africa,True,2.0,0.0,2026-06-11T21:00:00Z,2026-06-11 19:00:00+00:00,mexico||south africa,Group Stage,1,2026-06-11,A,1675,1455,1.979,0.721,0.6685593977129703,0.2041171863154212,0.1273234159716084,,,,,,,,,,2026-06-15T11:15:23-07:00,Mexico,South Africa,HOME,HOME,True,2-0,False,True,True,True
384cbb5d76b535896a24fe65f93cfac8,2026-06-12T02:00:00Z,South Korea,Czechia,True,2.0,1.0,2026-06-12T04:00:00Z,2026-06-12 02:00:00+00:00,czechia||south korea,Group Stage,2,2026-06-11,A,1615,1535,1.579,1.121,0.4788653592543037,0.2507398323401558,0.2703948084055406,,,,,,,,,,2026-06-15T11:15:23-07:00,South Korea,Czechia,HOME,HOME,True,2-1,False,True,True,True
d1f4f946c70a0b4e81f5d43e9d32361c,2026-06-12T19:02:00Z,Canada,Bosnia and Herzegovina,True,1.0,1.0,2026-06-15T18:46:07Z,2026-06-12 19:02:00+00:00,bosnia and herzegovina||canada,Group Stage,7,2026-06-12,B,1515,1445,1.55,1.15,0.4649472872010596,0.2525522982960801,0.2825004145028602,,,,,,,,,,2026-06-15T11:15:23-07:00,Canada,Bosnia and Herzegovina,HOME,DRAW,False,1-1,True,True,True,True
c12986f447a515fbe641addd786dbb24,2026-06-13T01:02:00Z,United States,Paraguay,True,4.0,1.0,2026-06-15T21:42:31Z,2026-06-13 01:02:00+00:00,paraguay||united states,Group Stage,19,2026-06-12,D,1695,1575,1.693,1.007,0.5337559196010097,0.2413841653510853,0.2248599150479049,,,,,,,,,,2026-06-15T11:15:23-07:00,United States,Paraguay,HOME,HOME,True,4-1,False,False,False,False
26634922d3f78c146440816023e40de8,2026-06-13T19:04:00Z,Qatar,Switzerland,True,1.0,1.0,2026-06-16T08:31:29Z,2026-06-13 19:04:00+00:00,qatar||switzerland,Group Stage,8,2026-06-13,B,1465,1685,0.721,1.979,0.1273234159716084,0.2041171863154212,0.6685593977129703,,,,,,,,,,2026-06-15T11:15:23-07:00,Qatar,Switzerland,AWAY,DRAW,False,1-1,False,True,True,True
f6c8748a16516e0998f95de14235432a,2026-06-13T22:04:00Z,Brazil,Morocco,True,1.0,1.0,2026-06-16T21:40:03Z,2026-06-13 22:04:00+00:00,brazil||morocco,Group Stage,13,2026-06-13,C,1825,1715,1.664,1.036,0.519789560134774,0.2440928963355794,0.2361175435296468,,,,,,,,,,2026-06-15T11:15:23-07:00,Brazil,Morocco,HOME,DRAW,False,1-1,True,True,True,True
5ae41a06735c926eeb7f74006933adce,2026-06-14T01:00:00Z,Haiti,Scotland,True,0.0,1.0,2026-06-16T21:40:03Z,2026-06-14 01:00:00+00:00,haiti||scotland,Group Stage,14,2026-06-13,C,1355,1495,0.95,1.75,0.2034226188794174,0.2354359603110685,0.561141420809514,,,,,,,,,,2026-06-15T11:15:23-07:00,Haiti,Scotland,AWAY,AWAY,True,0-1,True,True,True,True
564084f52cc9f1abcc18187c168a7cdc,2026-06-14T04:00:00Z,Australia,Turkey,True,2.0,0.0,2026-06-16T21:40:03Z,2026-06-14 04:00:00+00:00,australia||turkey,Group Stage,20,2026-06-14,D,1595,1635,1.236,1.464,0.3195101489859741,0.2565170329445302,0.4239728180694956,,,,,,,,,,2026-06-15T11:15:23-07:00,Australia,Turkey,AWAY,HOME,False,2-0,False,False,False,False
d79edbd6aaeb578d33e313446b18d333,2026-06-14T17:01:00Z,Germany,Curaçao,True,7.0,1.0,2026-06-17T11:32:13Z,2026-06-14 17:01:00+00:00,curacao||germany,Group Stage,25,2026-06-14,E,1775,1345,2.579,0.4,0.8396539343112179,0.1204644976885028,0.0398815680002792,,,,,,,,,,2026-06-15T11:15:23-07:00,Germany,Curacao,HOME,HOME,True,7-1,False,False,False,False
32ec06abda2398ac41501c86eb9aa376,2026-06-14T20:00:00Z,Netherlands,Japan,True,2.0,2.0,2026-06-17T11:32:13Z,2026-06-14 20:00:00+00:00,japan||netherlands,Group Stage,31,2026-06-14,F,1795,1705,1.607,1.093,0.4923326302259229,0.2487674985985697,0.2588998711755074,,,,,,,,,,2026-06-15T11:15:23-07:00,Netherlands,Japan,HOME,DRAW,False,2-2,False,False,False,True
05752bb341e197001387b64f3a06b9b2,2026-06-14T23:03:00Z,Ivory Coast,Ecuador,True,1.0,0.0,2026-06-17T21:01:47Z,2026-06-14 23:03:00+00:00,ecuador||ivory coast,Group Stage,26,2026-06-14,E,1585,1625,1.236,1.464,0.3195101489859741,0.2565170329445302,0.4239728180694956,,,,,,,,,,2026-06-15T11:15:23-07:00,Ivory Coast,Ecuador,AWAY,HOME,False,1-0,False,False,True,True
b55f9569de3f4d731bc5537ff5ff43e4,2026-06-15T02:00:00Z,Sweden,Tunisia,True,5.0,1.0,2026-06-17T23:26:24Z,2026-06-15 02:00:00+00:00,sweden||tunisia,Group Stage,32,2026-06-14,F,1645,1545,1.636,1.064,0.5062989540592835,0.24649831355258,0.2472027323881364,,,,,,,,,,2026-06-15T11:15:23-07:00,Sweden,Tunisia,HOME,HOME,True,5-1,False,False,False,False
c54f00b11925751d2b62988775c6c239,2026-06-15T16:01:00Z,Spain,Cape Verde,True,0.0,0.0,2026-06-18T16:00:18Z,2026-06-15 16:01:00+00:00,cape verde||spain,Group Stage,43,2026-06-15,H,1845,1365,2.721,0.4,0.8578903668292504,0.1054050472023282,0.0367045859684214,1.09,10.5,23.0,0.8551984170549882,0.1092125613633944,0.0355890215816174,0.868658165926299,0.0901749905580634,0.0411668435156376,2026-06-15T11:15:23-07:00,Spain,Cape Verde,HOME,DRAW,False,0-0,False,False,False,False
fbfb95c62003fd6d828b309f96ee1f9b,2026-06-15T19:00:00Z,Belgium,Egypt,True,1.0,1.0,2026-06-18T16:39:41Z,2026-06-15 19:00:00+00:00,belgium||egypt,Group Stage,37,2026-06-15,G,1780,1555,1.993,0.707,0.6600075844067536,0.2086270026761862,0.1313654129170601,1.57,4.0,5.75,0.6749083253821612,0.2018690499581676,0.1232226246596712,0.600404620505123,0.2356588135482608,0.1639365659466162,2026-06-15T11:15:23-07:00,Belgium,Egypt,HOME,DRAW,False,1-1,False,True,True,True
64b91c5f2db61c7358a4f05459e83c52,2026-06-15T22:03:00Z,Saudi Arabia,Uruguay,True,1.0,1.0,2026-06-18T21:21:38Z,2026-06-15 22:03:00+00:00,saudi arabia||uruguay,Group Stage,44,2026-06-15,H,1485,1765,0.55,2.15,0.0897804773030579,0.183327013945197,0.7268925087517452,7.75,4.33,1.43,0.0817727707458631,0.1746531321906337,0.7435740970635032,0.1218113035318372,0.2180225409634501,0.6601661555047127,2026-06-15T11:15:23-07:00,Saudi Arabia,Uruguay,AWAY,DRAW,False,1-1,False,False,True,True
ec51b9c44ad5e34552f3ab53f7262813,2026-06-16T01:03:00Z,Iran,New Zealand,True,2.0,2.0,2026-06-18T21:21:38Z,2026-06-16 01:03:00+00:00,iran||new zealand,Group Stage,38,2026-06-15,G,1505,1415,1.607,1.093,0.4996658541086021,0.2557611374765282,0.2445730084148697,1.77,3.3,5.0,0.4923326302259229,0.2487674985985697,0.2588998711755074,0.528998749639319,0.283735692988362,0.1872655573723189,2026-06-15T11:15:23-07:00,Iran,New Zealand,HOME,DRAW,False,2-2,False,False,False,True
73a4fcd14cc9766b9b9bfd50b8ca153a,2026-06-16T19:02:00Z,France,Senegal,True,3.0,1.0,2026-06-19T08:25:25Z,2026-06-16 19:02:00+00:00,france||senegal,Group Stage,49,2026-06-16,I,1865,1665,1.921,0.779,0.6412854427687328,0.2124607745643943,0.1462537826668728,1.48,4.5,6.25,0.6419326806040975,0.2130609233548059,0.1450063960410964,0.6386964914272737,0.2100601794027478,0.1512433291699784,2026-06-15T11:15:23-07:00,France,Senegal,HOME,HOME,True,3-1,False,False,False,True
4d4f2b9b78182b557d4fbf8dcf4f4af2,2026-06-16T22:00:00Z,Iraq,Norway,True,1.0,4.0,2026-06-19T20:25:27Z,2026-06-16 22:00:00+00:00,iraq||norway,Group Stage,50,2026-06-16,I,1385,1565,0.836,1.864,0.1453008813398061,0.2049718372298919,0.6497272814303019,13.0,6.75,1.2,0.1634565189022139,0.2212215260124659,0.6153219550853201,0.0726783310901749,0.1399730820995962,0.7873485868102288,2026-06-15T11:15:23-07:00,Iraq,Norway,AWAY,AWAY,True,1-4,False,False,False,False
f31b2ee9e1cc6f7e641467f8237eaa21,2026-06-17T01:02:00Z,Argentina,Algeria,True,3.0,0.0,2026-06-20T00:10:26Z,2026-06-17 01:02:00+00:00,algeria||argentina,Group Stage,55,2026-06-16,J,1885,1525,2.379,0.4,0.7873632658226449,0.150648296458715,0.0619884377186398,1.4,4.75,7.75,0.8147564413116778,0.1383679079727034,0.0468756507156186,0.6777905638665133,0.1997698504027618,0.1224395857307249,2026-06-15T11:15:23-07:00,Argentina,Algeria,HOME,HOME,True,3-0,False,True,True,True
25161cf6cf0cd9be17ae2e7e224a1f45,2026-06-17T04:02:00Z,Austria,Jordan,True,3.0,1.0,2026-06-20T00:10:26Z,2026-06-17 04:02:00+00:00,austria||jordan,Group Stage,56,2026-06-17,J,1655,1375,2.15,0.55,0.7378575000485904,0.1752745499950509,0.0868679499563586,1.35,5.43,9.0,0.7435740970635032,0.1746531321906337,0.0817727707458631,0.7149911119889394,0.1777602212127197,0.1072486667983409,2026-06-15T11:15:23-07:00,Austria,Jordan,HOME,HOME,True,3-1,False,False,False,True
6cc871c121a1869b4612d3fb22fa9d55,2026-06-17T17:01:00Z,Portugal,DR Congo,True,1.0,1.0,2026-06-20T10:33:29Z,2026-06-17 17:01:00+00:00,dr congo||portugal,Group Stage,61,2026-06-17,K,1815,1395,2.55,0.4,0.8184639196176563,0.1316227414689562,0.0499133389133875,1.27,5.7,11.0,0.8362703796851039,0.1229059548725203,0.0408236654423756,0.7472380793478649,0.1664898878546997,0.0862720327974353,2026-06-15T11:15:23-07:00,Portugal,DR Congo,HOME,DRAW,False,1-1,False,False,False,True
689096c8cd7e2753b9fec95321943c5d,2026-06-17T20:00:00Z,England,Croatia,True,4.0,2.0,2026-06-20T10:33:29Z,2026-06-17 20:00:00+00:00,croatia||england,Group Stage,67,2026-06-17,L,1835,1745,1.607,1.093,0.5022182486502643,0.2513842020391267,0.2463975493106091,1.74,3.6,4.8,0.4923326302259229,0.2487674985985697,0.2588998711755074,0.5417607223476297,0.2618510158013544,0.1963882618510158,2026-06-15T11:15:23-07:00,England,Croatia,HOME,HOME,True,4-2,False,False,False,False
87afdb85c977b451e1c00f5e3e632601,2026-06-17T23:00:00Z,Ghana,Panama,True,1.0,0.0,2026-06-20T20:13:33Z,2026-06-17 23:00:00+00:00,ghana||panama,Group Stage,68,2026-06-17,L,1435,1425,1.379,1.321,0.3945129864758395,0.2643305982796408,0.3411564152445197,2.15,3.25,3.4,0.3841561260822734,0.2583154078258801,0.3575284660918464,0.4359404280501035,0.2883913600946839,0.2756682118552125,2026-06-15T11:15:23-07:00,Ghana,Panama,HOME,HOME,True,1-0,False,True,True,True
22083e7a8e5362c711bc05c1e1319a1f,2026-06-18T02:00:00Z,Uzbekistan,Colombia,True,1.0,3.0,2026-06-20T20:13:33Z,2026-06-18 02:00:00+00:00,colombia||uzbekistan,Group Stage,62,2026-06-17,K,1405,1735,0.407,2.293,0.0610248917569339,0.1584211568173505,0.7805539514257155,9.5,4.7,1.36,0.0512975306931656,0.1475277123985995,0.8011747569082348,0.0999343360120071,0.2019949344923548,0.698070729495638,2026-06-15T11:15:23-07:00,Uzbekistan,Colombia,AWAY,AWAY,True,1-3,False,False,False,True
66ebb9e3f949caded535d97ce686ca09,2026-06-18T16:00:00Z,Czechia,South Africa,True,1.0,1.0,2026-06-21T11:25:11Z,2026-06-18 16:00:00+00:00,czechia||south africa,Group Stage,4,2026-06-18,A,1535,1455,1.579,1.121,0.4788653592543037,0.2507398323401558,0.2703948084055406,,,,,,,,,,2026-06-15T11:15:23-07:00,Czechia,South Africa,HOME,DRAW,False,1-1,True,True,True,True
289bc2e9f5adad8ae4d9a75a7c5461ad,2026-06-18T19:00:00Z,Switzerland,Bosnia and Herzegovina,True,4.0,1.0,2026-06-21T11:25:11Z,2026-06-18 19:00:00+00:00,bosnia and herzegovina||switzerland,Group Stage,10,2026-06-18,B,1685,1445,2.036,0.664,0.6941972785991223,0.1947636727622998,0.1110390486385779,,,,,,,,,,2026-06-15T11:15:23-07:00,Switzerland,Bosnia and Herzegovina,HOME,HOME,True,4-1,False,False,False,False
fa9502285b257b03e62968d50d9229fc,2026-06-18T22:00:00Z,Canada,Qatar,True,6.0,0.0,2026-06-21T20:21:31Z,2026-06-18 22:00:00+00:00,canada||qatar,Group Stage,9,2026-06-18,B,1515,1465,1.493,1.207,0.5030484669152525,0.2361819923588686,0.2607695407258787,1.25,6.0,12.5,0.4377277810962949,0.2554185732511336,0.3068536456525714,0.7643312101910829,0.1592356687898089,0.0764331210191082,2026-06-15T11:15:23-07:00,Canada,Qatar,HOME,HOME,True,6-0,False,False,False,False
0f2aeae6ac8e77223848d23a4ca86b0d,2026-06-19T01:00:00Z,Mexico,South Korea,True,1.0,0.0,2026-06-21T20:21:31Z,2026-06-19 01:00:00+00:00,mexico||south korea,Group Stage,3,2026-06-18,A,1675,1615,1.521,1.179,0.4571292541005856,0.2607726982776451,0.2820980476217693,1.97,3.3,4.1,0.4510721624741737,0.2541268946202169,0.2948009429056092,0.4813576206062331,0.2873559129073573,0.2312864664864096,2026-06-15T11:15:23-07:00,Mexico,South Korea,HOME,HOME,True,1-0,False,True,True,True
065b3573e875f8d23803357f73e5b99e,2026-06-19T19:00:00Z,United States,Australia,True,2.0,0.0,2026-06-22T17:45:25Z,2026-06-19 19:00:00+00:00,australia||united states,Group Stage,21,2026-06-19,D,1695,1595,1.636,1.064,0.5062989540592835,0.24649831355258,0.2472027323881364,,,,,,,,,,2026-06-15T11:15:23-07:00,United States,Australia,HOME,HOME,True,2-0,False,False,True,True
4cd769aa7bae0ad9762bd69b80ef2903,2026-06-19T22:00:00Z,Scotland,Morocco,True,0.0,1.0,2026-06-22T21:30:03Z,2026-06-19 22:00:00+00:00,morocco||scotland,Group Stage,16,2026-06-19,C,1495,1715,0.721,1.979,0.1391189571710616,0.2168225221250839,0.6440585207038545,5.1,3.55,1.74,0.1273234159716084,0.2041171863154212,0.6685593977129703,0.1863011219688744,0.2676438653637351,0.5460550126673904,2026-06-15T11:15:23-07:00,Scotland,Morocco,AWAY,AWAY,True,0-1,True,True,True,True
ef0f74a991d3e35798ae5af77667bce1,2026-06-20T00:32:00Z,Brazil,Haiti,True,3.0,0.0,2026-06-22T21:30:03Z,2026-06-20 00:32:00+00:00,brazil||haiti,Group Stage,15,2026-06-19,C,1825,1355,2.693,0.4,0.8559111178507316,0.1073124785406515,0.0367764036086168,1.1,10.5,25.0,0.8522632962522305,0.1113417256836904,0.036394978064079,0.8705024042447355,0.0911954899684961,0.0383021057867683,2026-06-15T11:15:23-07:00,Brazil,Haiti,HOME,HOME,True,3-0,False,True,True,True
f955d4b3395ce6e3b5ac1031ca52ca4e,2026-06-20T03:00:00Z,Turkey,Paraguay,True,0.0,1.0,2026-06-22T21:30:03Z,2026-06-20 03:00:00+00:00,paraguay||turkey,Group Stage,22,2026-06-19,D,1635,1575,1.521,1.179,0.4551558173124317,0.2601618549238892,0.284682327763679,2.02,3.35,3.9,0.4510721624741737,0.2541268946202169,0.2948009429056092,0.4714904366654637,0.2843016961385781,0.2442078671959582,2026-06-15T11:15:23-07:00,Turkey,Paraguay,HOME,AWAY,False,0-1,False,False,True,True
4f0c518545b0096c68326daf25bffc1e,2026-06-20T17:00:00Z,Netherlands,Sweden,True,5.0,1.0,2026-06-23T10:28:17Z,2026-06-20 17:00:00+00:00,netherlands||sweden,Group Stage,33,2026-06-20,F,1795,1645,1.779,0.921,0.5733160740542351,0.2357746704356148,0.1909092555101499,1.68,3.8,5.2,0.5750166522008214,0.232103659145436,0.1928796886537425,0.5665137614678899,0.2504587155963302,0.1830275229357797,2026-06-15T11:15:23-07:00,Netherlands,Sweden,HOME,HOME,True,5-1,False,False,False,False
f1ab0f69832972a329243522ceaa7804,2026-06-20T20:00:00Z,Germany,Ivory Coast,True,2.0,1.0,2026-06-23T10:28:17Z,2026-06-20 20:00:00+00:00,germany||ivory coast,Group Stage,27,2026-06-20,E,1775,1585,1.893,0.807,0.6260249598767641,0.219075928497921,0.1548991116253149,1.55,4.2,6.0,0.6289101318137678,0.2171514212295703,0.1539384469566619,0.6144842721287491,0.226773957571324,0.1587417702999268,2026-06-15T11:15:23-07:00,Germany,Ivory Coast,HOME,HOME,True,2-1,False,False,True,True
681895f294b670b4c7b14495dfb583bc,2026-06-21T00:00:00Z,Ecuador,Curaçao,True,0.0,0.0,2026-06-23T20:58:57Z,2026-06-21 00:00:00+00:00,curacao||ecuador,Group Stage,28,2026-06-20,E,1625,1345,2.15,0.55,0.7435740970635032,0.1746531321906337,0.0817727707458631,,,,,,,,,,2026-06-15T11:15:23-07:00,Ecuador,Curacao,HOME,DRAW,False,0-0,False,False,False,True
dfc5202cf1b8ae002cf952cd04f235b9,2026-06-21T04:00:00Z,Tunisia,Japan,True,0.0,4.0,2026-06-23T20:58:57Z,2026-06-21 04:00:00+00:00,japan||tunisia,Group Stage,34,2026-06-21,F,1545,1705,0.893,1.807,0.1735889603957923,0.229460061168891,0.5969509784353166,7.0,4.1,1.51,0.1829405349792436,0.2286983304590461,0.5883611345617102,0.1361826620619872,0.2325069840082708,0.631310353929742,2026-06-15T11:15:23-07:00,Tunisia,Japan,AWAY,AWAY,True,0-4,False,False,False,False
73529a242e319a86bf3d00ddb4accc37,2026-06-21T16:00:00Z,Spain,Saudi Arabia,True,4.0,0.0,2026-06-24T09:25:44Z,2026-06-21 16:00:00+00:00,saudi arabia||spain,Group Stage,45,2026-06-21,H,1845,1485,2.379,0.4,0.8242881753429475,0.1308476058250998,0.0448642188319526,1.11,9.5,26.0,0.8147564413116778,0.1383679079727034,0.0468756507156186,0.8624151114680259,0.1007663972346851,0.0368184912972888,2026-06-15T11:15:23-07:00,Spain,Saudi Arabia,HOME,HOME,True,4-0,False,False,True,True
5f92f257386ec5bf7c6e2498a21f3a61,2026-06-21T19:00:00Z,Belgium,Iran,True,0.0,0.0,2026-06-24T09:25:44Z,2026-06-21 19:00:00+00:00,belgium||iran,Group Stage,39,2026-06-21,G,1780,1505,2.136,0.564,0.7241733465339002,0.1828551153766171,0.0929715380894826,1.41,4.6,7.6,0.7376617581261574,0.1772096671972677,0.0851285746765747,0.670219700164871,0.2054369080940148,0.1243433917411142,2026-06-15T11:15:23-07:00,Belgium,Iran,HOME,DRAW,False,0-0,False,False,False,True
852a3abe6d46820720febc0fedebff9a,2026-06-21T22:00:00Z,Uruguay,Cape Verde,True,2.0,2.0,2026-06-24T20:44:18Z,2026-06-21 22:00:00+00:00,cape verde||uruguay,Group Stage,46,2026-06-21,H,1765,1365,2.493,0.4,0.7974750558315642,0.1445527435748566,0.0579722005935793,1.42,4.5,8.0,0.8294019593243388,0.1278537201662452,0.042744320509416,0.6697674418604651,0.2113488372093023,0.1188837209302325,2026-06-15T11:15:23-07:00,Uruguay,Cape Verde,HOME,DRAW,False,2-2,False,False,False,False
c1ec9a65f4b4cf74477b368a7d6282de,2026-06-22T01:00:00Z,New Zealand,Egypt,True,1.0,3.0,2026-06-24T20:44:18Z,2026-06-22 01:00:00+00:00,egypt||new zealand,Group Stage,40,2026-06-21,G,1415,1555,0.95,1.75,0.1993165450090159,0.2411843070012178,0.5594991479897663,5.2,3.6,1.72,0.2034226188794174,0.2354359603110685,0.561141420809514,0.1828922495274101,0.2641776937618147,0.5529300567107751,2026-06-15T11:15:23-07:00,New Zealand,Egypt,AWAY,AWAY,True,1-3,False,False,False,True
be6c63f416c67bca1300a98f5b89c3af,2026-06-22T17:00:00Z,Argentina,Austria,True,2.0,0.0,2026-06-25T08:26:09Z,2026-06-22 17:00:00+00:00,argentina||austria,Group Stage,57,2026-06-22,J,1885,1655,2.007,0.693,0.6623041724982348,0.2084054320916341,0.129290395410131,1.62,3.9,5.6,0.6812242929797637,0.1995881760935918,0.1191875309266444,0.5866236905721192,0.2436744560838034,0.1697018533440773,2026-06-15T11:15:23-07:00,Argentina,Austria,HOME,HOME,True,2-0,True,True,True,True
7ad7a0ce2ef2618bb59b066da5642f70,2026-06-22T21:00:00Z,France,Iraq,True,3.0,0.0,2026-06-25T20:52:59Z,2026-06-22 21:00:00+00:00,france||iraq,Group Stage,51,2026-06-22,I,1865,1385,2.721,0.4,0.8558173804082054,0.1074270067652711,0.0367556128265234,1.11,9.5,23.0,0.8551984170549882,0.1092125613633944,0.0355890215816174,0.8582932338210743,0.1002847883727781,0.0414219778061475,2026-06-15T11:15:23-07:00,France,Iraq,HOME,HOME,True,3-0,False,True,True,True
3f48473742ca0fd2a85930554720c75e,2026-06-23T00:00:00Z,Norway,Senegal,True,3.0,2.0,2026-06-25T20:52:59Z,2026-06-23 00:00:00+00:00,norway||senegal,Group Stage,52,2026-06-22,I,1565,1665,1.064,1.636,0.2864326952178889,0.252457084178547,0.461110220603564,2.15,3.45,3.4,0.2472027323881364,0.24649831355258,0.5062989540592835,0.4433525465368988,0.2762921666824152,0.280355286780686,2026-06-15T11:15:23-07:00,Norway,Senegal,AWAY,HOME,False,3-2,False,False,False,False
fd8533b650e655030f6a7946f8795db2,2026-06-23T03:00:00Z,Jordan,Algeria,True,1.0,2.0,2026-06-25T20:52:59Z,2026-06-23 03:00:00+00:00,algeria||jordan,Group Stage,58,2026-06-22,J,1375,1525,0.921,1.779,0.1824728888559235,0.2299019229087382,0.5876251882353382,6.75,4.3,1.49,0.1928796886537425,0.232103659145436,0.5750166522008214,0.1408456896646478,0.2210949779619472,0.6380593323734048,2026-06-15T11:15:23-07:00,Jordan,Algeria,AWAY,AWAY,True,1-2,False,False,True,True
8ba93d190f1f934e33862a97a6353a6e,2026-06-23T17:00:00Z,Portugal,Uzbekistan,True,5.0,0.0,2026-06-26T09:36:50Z,2026-06-23 17:00:00+00:00,portugal||uzbekistan,Group Stage,63,2026-06-23,K,1815,1405,2.521,0.4,0.8178150930063717,0.1321472594676269,0.0500376475260013,1.26,6.0,11.5,0.8328125235891014,0.1253982423740724,0.0417892340368262,0.7578253706754531,0.1591433278418451,0.0830313014827018,2026-06-15T11:15:23-07:00,Portugal,Uzbekistan,HOME,HOME,True,5-0,False,False,False,False
2f49dd8deae3079dc4eb2d634d18a99c,2026-06-23T20:00:00Z,England,Ghana,True,0.0,0.0,2026-06-26T09:36:50Z,2026-06-23 20:00:00+00:00,england||ghana,Group Stage,69,2026-06-23,L,1835,1435,2.493,0.4,0.8051540683912637,0.1405237513845802,0.0543221802241559,1.35,5.0,9.5,0.8294019593243388,0.1278537201662452,0.042744320509416,0.7081625046589639,0.1912038762579203,0.1006336190831159,2026-06-15T11:15:23-07:00,England,Ghana,HOME,DRAW,False,0-0,False,False,False,True
c1bc8c26480cd42b89a0de5329581314,2026-06-23T23:00:00Z,Panama,Croatia,True,0.0,1.0,2026-06-26T20:43:18Z,2026-06-23 23:00:00+00:00,croatia||panama,Group Stage,70,2026-06-23,L,1425,1745,0.436,2.264,0.0751019217550358,0.1716654751379929,0.7532326031069712,6.4,3.85,1.56,0.0569219505570732,0.1531494048380708,0.789928644604856,0.1478218065468865,0.2457297563376815,0.6064484371154318,2026-06-15T11:15:23-07:00,Panama,Croatia,AWAY,AWAY,True,0-1,False,True,True,True
68bfc965eb267508e04d8e8d75c1a0ae,2026-06-24T02:00:00Z,Colombia,DR Congo,True,1.0,0.0,2026-06-26T20:43:18Z,2026-06-24 02:00:00+00:00,colombia||dr congo,Group Stage,64,2026-06-23,K,1735,1395,2.321,0.4,0.7748179443770402,0.1605177155381094,0.0646643400848503,1.47,4.2,7.5,0.8068147978710414,0.1440494730125462,0.0491357291164122,0.646830530401035,0.2263906856403622,0.1267787839586028,2026-06-15T11:15:23-07:00,Colombia,DR Congo,HOME,HOME,True,1-0,False,True,True,True
512ac18beb5aa936a59f7ea3e497ada2,2026-06-24T19:00:00Z,Bosnia and Herzegovina,Qatar,True,3.0,1.0,2026-06-27T10:27:18Z,2026-06-24 19:00:00+00:00,bosnia and herzegovina||qatar,Group Stage,11,2026-06-24,B,1465,1445,1.293,1.407,0.3448627012735633,0.2579584539367884,0.3971788447896483,,,,,,,,,,2026-06-15T11:15:23-07:00,Qatar,Bosnia and Herzegovina,AWAY,HOME,False,3-1,False,False,False,False
c9ef5822ee64fd5275f7c73251bb56c7,2026-06-24T19:00:00Z,Switzerland,Canada,True,2.0,1.0,2026-06-27T10:27:18Z,2026-06-24 19:00:00+00:00,canada||switzerland,Group Stage,12,2026-06-24,B,1685,1515,1.836,0.864,0.5725615401964093,0.2361113971424523,0.1913270626611384,2.1,3.4,3.6,0.6021161791430616,0.224983344423611,0.1729004764333273,0.4543429844097996,0.2806236080178174,0.2650334075723831,2026-06-15T11:15:23-07:00,Switzerland,Canada,HOME,HOME,True,2-1,False,False,True,True
d1279ce7f33136a33e99ad442fc855e8,2026-06-24T22:00:00Z,Morocco,Haiti,True,4.0,2.0,2026-06-27T10:27:18Z,2026-06-24 22:00:00+00:00,haiti||morocco,Group Stage,17,2026-06-24,C,1355,1715,2.379,0.4,0.8147564413116778,0.1383679079727034,0.0468756507156186,,,,,,,,,,2026-06-15T11:15:23-07:00,Haiti,Morocco,HOME,HOME,True,4-2,False,False,False,False
885ba95805db310a7bcc3fb1a7a6dd28,2026-06-24T22:01:00Z,Scotland,Brazil,True,0.0,3.0,2026-06-27T10:27:18Z,2026-06-24 22:01:00+00:00,brazil||scotland,Group Stage,18,2026-06-24,C,1495,1825,0.407,2.293,0.0683467136828915,0.1570345829593925,0.774618703357716,7.0,4.9,1.43,0.0512975306931656,0.1475277123985995,0.8011747569082348,0.1365434456417951,0.1950620652025644,0.6683944891556405,2026-06-15T11:15:23-07:00,Scotland,Brazil,AWAY,AWAY,True,0-3,False,True,True,True
5993bd5196ca09f83990f0c3261e442e,2026-06-25T01:00:00Z,Czechia,Mexico,True,0.0,3.0,2026-06-27T10:27:18Z,2026-06-25 01:00:00+00:00,czechia||mexico,Group Stage,6,2026-06-24,A,1535,1675,0.95,1.75,0.2034226188794174,0.2354359603110685,0.561141420809514,,,,,,,,,,2026-06-15T11:15:23-07:00,Czechia,Mexico,AWAY,AWAY,True,0-3,False,False,False,True
c0355dfc6e26ec327e379b6ef5824a5f,2026-06-25T01:00:00Z,South Africa,South Korea,True,1.0,0.0,2026-06-27T10:27:18Z,2026-06-25 01:00:00+00:00,south africa||south korea,Group Stage,5,2026-06-24,A,1615,1455,0.893,1.807,0.1829405349792436,0.2286983304590461,0.5883611345617102,,,,,,,,,,2026-06-15T11:15:23-07:00,South Korea,South Africa,AWAY,HOME,False,1-0,False,False,False,True
a5a0b544a984ab16e564264f3e859b43,2026-06-25T20:00:00Z,Curaçao,Ivory Coast,True,0.0,2.0,2026-06-27T10:27:18Z,2026-06-25 20:00:00+00:00,curacao||ivory coast,Group Stage,29,2026-06-25,E,1585,1345,0.664,2.036,0.1110390486385779,0.1947636727622998,0.6941972785991223,,,,,,,,,,2026-06-15T11:15:23-07:00,Ivory Coast,Curacao,AWAY,AWAY,True,0-2,True,True,True,True
0ec28b84ec399bd4dffbe8d1bc72b3c4,2026-06-25T20:00:00Z,Ecuador,Germany,True,2.0,1.0,2026-06-27T10:27:18Z,2026-06-25 20:00:00+00:00,ecuador||germany,Group Stage,30,2026-06-25,E,1625,1775,0.921,1.779,0.1918593064785495,0.2347940384274599,0.5733466550939905,5.1,3.9,1.69,0.1928796886537425,0.232103659145436,0.5750166522008214,0.1877777777777778,0.2455555555555555,0.5666666666666667,2026-06-15T11:15:23-07:00,Ecuador,Germany,AWAY,HOME,False,2-1,False,False,False,False
0ed0233bddc4eafc8507f86a9c17b998,2026-06-25T23:00:00Z,Japan,Sweden,True,1.0,1.0,2026-06-27T10:27:18Z,2026-06-25 23:00:00+00:00,japan||sweden,Group Stage,35,2026-06-25,F,1645,1705,1.521,1.179,0.4510721624741738,0.254126894620217,0.2948009429056093,,,,,,,,,,2026-06-15T11:15:23-07:00,Sweden,Japan,HOME,DRAW,False,1-1,True,True,True,True
f3c4657daa143a0c5bd62cb370d01ce4,2026-06-25T23:00:00Z,Tunisia,Netherlands,True,1.0,3.0,2026-06-27T10:27:18Z,2026-06-25 23:00:00+00:00,netherlands||tunisia,Group Stage,36,2026-06-25,F,1545,1795,0.636,2.064,0.106292206723396,0.1868604553577192,0.7068473379188847,8.0,5.4,1.33,0.1034414440422117,0.1899847331052478,0.7065738228525404,0.1176952574481334,0.1743633443676051,0.7079413981842615,2026-06-15T11:15:23-07:00,Tunisia,Netherlands,AWAY,AWAY,True,1-3,False,False,False,True
22f6ac06dfcc88a847920f62633e6459,2026-06-26T02:00:00Z,Paraguay,Australia,True,0.0,0.0,2026-06-27T10:27:18Z,2026-06-26 02:00:00+00:00,australia||paraguay,Group Stage,23,2026-06-25,D,1595,1575,1.293,1.407,0.3448627012735633,0.2579584539367884,0.3971788447896483,,,,,,,,,,2026-06-15T11:15:23-07:00,Australia,Paraguay,AWAY,DRAW,False,0-0,False,False,False,True
f41aeac9a8343a84b4950f15ea25fba2,2026-06-26T02:00:00Z,Turkey,United States,True,3.0,2.0,2026-06-27T10:27:18Z,2026-06-26 02:00:00+00:00,turkey||united states,Group Stage,24,2026-06-25,D,1635,1695,1.179,1.521,0.2948009429056093,0.254126894620217,0.4510721624741738,,,,,,,,,,2026-06-15T11:15:23-07:00,Turkey,United States,AWAY,HOME,False,3-2,False,False,False,False
b86b4d60f773e9e3c46c00e9a6496e79,2026-06-26T19:01:00Z,Norway,France,True,1.0,4.0,2026-06-29T02:10:50Z,2026-06-26 19:01:00+00:00,france||norway,Group Stage,54,2026-06-26,I,1565,1865,0.493,2.207,0.0974452285405335,0.1828068783591458,0.7197478931003206,4.5,3.7,1.8,0.0687979396871283,0.1640386839088177,0.767163376404054,0.2120343839541547,0.2578796561604584,0.5300859598853869,2026-06-15T11:15:23-07:00,Norway,France,AWAY,AWAY,True,1-4,False,False,False,False
7e6aee294ea1a4792c59558791084528,2026-06-26T19:02:00Z,Senegal,Iraq,True,5.0,0.0,2026-06-29T02:10:50Z,2026-06-26 19:02:00+00:00,iraq||senegal,Group Stage,53,2026-06-26,I,1385,1665,2.15,0.55,0.7435740970635032,0.1746531321906337,0.0817727707458631,,,,,,,,,,2026-06-15T11:15:23-07:00,Iraq,Senegal,HOME,HOME,True,5-0,False,False,False,False
e07b1926be5a4d515c7eb108dbcee9c5,2026-06-27T00:01:00Z,Cape Verde,Saudi Arabia,True,0.0,0.0,2026-06-29T02:10:50Z,2026-06-27 00:01:00+00:00,cape verde||saudi arabia,Group Stage,47,2026-06-26,H,1485,1365,1.007,1.693,0.2248599150479049,0.2413841653510853,0.5337559196010097,,,,,,,,,,2026-06-15T11:15:23-07:00,Saudi Arabia,Cape Verde,AWAY,DRAW,False,0-0,False,False,False,True
dcff2e31c0bce001a4db5caaf4fa8822,2026-06-27T00:01:00Z,Uruguay,Spain,True,0.0,1.0,2026-06-29T02:10:50Z,2026-06-27 00:01:00+00:00,spain||uruguay,Group Stage,48,2026-06-26,H,1765,1845,1.121,1.579,0.2518857739677631,0.2486112676506209,0.4995029583816159,5.4,4.0,1.65,0.2703948084055406,0.2507398323401557,0.4788653592543037,0.1778496362166531,0.2400970088924817,0.582053354890865,2026-06-15T11:15:23-07:00,Uruguay,Spain,AWAY,AWAY,True,0-1,False,True,True,True
3e3b5fa2b3c963e74cf044c60db0b573,2026-06-27T03:00:00Z,Egypt,Iran,True,1.0,1.0,2026-06-29T02:10:50Z,2026-06-27 03:00:00+00:00,egypt||iran,Group Stage,41,2026-06-26,G,1505,1555,1.493,1.207,0.4377277810962949,0.2554185732511336,0.3068536456525714,,,,,,,,,,2026-06-15T11:15:23-07:00,Iran,Egypt,HOME,DRAW,False,1-1,True,True,True,True
581691da05dcd75b5c6d3be91ee9d2ab,2026-06-27T03:01:00Z,New Zealand,Belgium,True,1.0,5.0,2026-06-29T02:10:50Z,2026-06-27 03:01:00+00:00,belgium||new zealand,Group Stage,42,2026-06-26,G,1415,1780,0.4,2.393,0.0543812106985258,0.1436145719389908,0.8020042173624834,11.0,5.6,1.28,0.0463465404106235,0.1370307680330471,0.8166226915563293,0.0865198918501352,0.1699497875627655,0.7435303205870993,2026-06-15T11:15:23-07:00,New Zealand,Belgium,AWAY,AWAY,True,1-5,False,False,False,False
537c0997cd899394f47f16545b7068b2,2026-06-27T21:00:00Z,Croatia,Ghana,True,2.0,1.0,2026-06-29T02:10:50Z,2026-06-27 21:00:00+00:00,croatia||ghana,Group Stage,71,2026-06-27,L,1435,1745,2.236,0.464,0.7788526740898605,0.1585281870329046,0.0626191388772349,,,,,,,,,,2026-06-15T11:15:23-07:00,Ghana,Croatia,HOME,HOME,True,2-1,False,False,True,True
4be17c8e1ccfecb0f2a5ef79e045c415,2026-06-27T21:00:00Z,Panama,England,True,0.0,2.0,2026-06-29T02:10:50Z,2026-06-27 21:00:00+00:00,england||panama,Group Stage,72,2026-06-27,L,1425,1835,0.4,2.521,0.0507272005444918,0.1320275849768145,0.8172452144786936,11.0,6.0,1.26,0.0417892340368262,0.1253982423740724,0.8328125235891013,0.0864790665751544,0.1585449553877831,0.7549759780370624,2026-06-15T11:15:23-07:00,Panama,England,AWAY,AWAY,True,0-2,True,True,True,True
67ae5751c401a98409b8566ae4897069,2026-06-27T23:30:00Z,Colombia,Portugal,True,0.0,0.0,2026-06-29T02:10:50Z,2026-06-27 23:30:00+00:00,colombia||portugal,Group Stage,66,2026-06-27,K,1735,1815,1.121,1.579,0.2697732935329431,0.2580386743827628,0.472188032084294,3.6,3.35,2.16,0.2703948084055406,0.2507398323401557,0.4788653592543037,0.2672872340425532,0.2872340425531914,0.4454787234042553,2026-06-15T11:15:23-07:00,Colombia,Portugal,AWAY,DRAW,False,0-0,False,False,False,True
13eab94a136b9c264ba974cf437a5f71,2026-06-27T23:30:00Z,DR Congo,Uzbekistan,True,3.0,1.0,2026-06-29T02:10:50Z,2026-06-27 23:30:00+00:00,dr congo||uzbekistan,Group Stage,65,2026-06-27,K,1405,1395,1.321,1.379,0.3575284660918464,0.2583154078258801,0.3841561260822734,,,,,,,,,,2026-06-15T11:15:23-07:00,Uzbekistan,DR Congo,AWAY,HOME,False,3-1,False,False,False,False
8756200e539155e571557c4f2e0d7f05,2026-06-28T02:00:00Z,Algeria,Austria,True,3.0,3.0,2026-06-29T02:10:50Z,2026-06-28 02:00:00+00:00,algeria||austria,Group Stage,59,2026-06-27,J,1655,1525,0.979,1.721,0.2142129141475979,0.2385638298305753,0.5472232560218266,,,,,,,,,,2026-06-15T11:15:23-07:00,Austria,Algeria,AWAY,DRAW,False,3-3,False,False,False,False
54697f453437ab26276d773be1d72e9b,2026-06-28T02:00:00Z,Jordan,Argentina,True,1.0,3.0,2026-06-29T02:10:50Z,2026-06-28 02:00:00+00:00,argentina||jordan,Group Stage,60,2026-06-27,J,1375,1885,0.4,2.807,0.0390688134269382,0.1111584541974408,0.8497727323756208,15.0,6.5,1.18,0.0332300918223316,0.1029343947590905,0.8638355134185778,0.062423699845365,0.1440546919508423,0.7935216082037927,2026-06-15T11:15:23-07:00,Jordan,Argentina,AWAY,AWAY,True,1-3,False,False,False,True
def55b09ef3d6854e3c01e74b5c63415,2026-06-28T19:00:00Z,South Africa,Canada,True,0.0,1.0,2026-07-01T09:28:35Z,2026-06-28 19:00:00+00:00,canada||south africa,Round of 32,def55b09ef3d6854e3c01e74b5c63415,2026-06-28T19:00:00Z,-,1455,1515,1.179,1.521,0.2698123417241168,0.2540324195462868,0.4761552387295963,5.6,3.75,1.65,0.2948009429056093,0.254126894620217,0.4510721624741738,0.169857936998147,0.2536545192505661,0.5764875437512867,2026-06-25T08:40:02Z,South Africa,Canada,AWAY,AWAY,True,0-1,False,True,True,True
4f3d72fba877939d36a5315618184093,2026-06-29T17:00:00Z,Brazil,Japan,True,2.0,1.0,2026-07-02T07:36:16Z,2026-06-29 17:00:00+00:00,brazil||japan,Round of 32,4f3d72fba877939d36a5315618184093,2026-06-29T17:00:00Z,-,1825,1705,1.693,1.007,0.5362197527456543,0.2449844653866703,0.2187957818676754,1.71,3.6,4.8,0.5337559196010097,0.2413841653510853,0.2248599150479049,0.546075085324232,0.2593856655290102,0.1945392491467577,2026-06-26T08:44:11Z,Brazil,Japan,HOME,HOME,True,2-1,False,True,True,True
4930db8e83436874d09e59bd0e29c1a5,2026-06-29T20:30:00Z,Germany,Paraguay,True,1.0,1.0,2026-07-02T20:16:17Z,2026-06-29 20:30:00+00:00,germany||paraguay,Round of 32,4930db8e83436874d09e59bd0e29c1a5,2026-06-29T20:30:00Z,-,1775,1575,1.921,0.779,0.6538467887209302,0.2091029978105448,0.1370502134685249,1.35,4.9,9.0,0.6419326806040975,0.2130609233548059,0.1450063960410964,0.7015032211882605,0.1932712956335003,0.105225483178239,2026-06-27T08:14:34Z,Germany,Paraguay,HOME,DRAW,False,1-1,False,True,True,True
5a34afe2de99513ba48360b983cfe80c,2026-06-30T00:59:00Z,Netherlands,Morocco,True,1.0,1.0,2026-07-02T20:16:17Z,2026-06-30 00:59:00+00:00,morocco||netherlands,Round of 32,5a34afe2de99513ba48360b983cfe80c,2026-06-30T01:00:00Z,-,1795,1715,1.579,1.121,0.4742321782954987,0.2584629008864054,0.2673049208180961,2.07,3.26,3.7,0.4788653592543037,0.2507398323401558,0.2703948084055406,0.4556994544602784,0.2893551750714037,0.2549453704683178,2026-06-26T08:44:11Z,Netherlands,Morocco,HOME,DRAW,False,1-1,True,True,True,True
ce017bea1a26252278053ce759e2416b,2026-06-30T17:00:00Z,Ivory Coast,Norway,True,1.0,2.0,2026-07-03T10:25:14Z,2026-06-30 17:00:00+00:00,ivory coast||norway,Round of 32,ce017bea1a26252278053ce759e2416b,2026-06-30T17:00:00Z,-,1585,1565,1.407,1.293,0.3653700678203185,0.2600309794746136,0.3745989527050679,4.0,3.55,1.93,0.3971788447896483,0.2579584539367884,0.3448627012735633,0.2381349599429991,0.2683210816259145,0.4935439584310863,2026-06-27T08:14:34Z,Ivory Coast,Norway,AWAY,AWAY,True,1-2,False,False,True,True
0b5491529142c9bcc3f88bf45ccb0a7b,2026-06-30T21:00:00Z,France,Sweden,True,3.0,0.0,2026-07-03T20:12:03Z,2026-06-30 21:00:00+00:00,france||sweden,Round of 32,0b5491529142c9bcc3f88bf45ccb0a7b,2026-06-30T21:00:00Z,-,1865,1645,1.979,0.721,0.6850761269228257,0.196474676550704,0.1184491965264702,1.27,5.75,11.5,0.6685593977129703,0.2041171863154212,0.1273234159716084,0.7511430437622468,0.1659046374918354,0.0829523187459177,2026-06-27T08:14:34Z,France,Sweden,HOME,HOME,True,3-0,False,False,True,True
f58c55a9da96af562c31b7c5cca40187,2026-07-01T02:00:00Z,Mexico,Ecuador,True,2.0,0.0,2026-07-03T20:12:03Z,2026-07-01 02:00:00+00:00,ecuador||mexico,Round of 32,f58c55a9da96af562c31b7c5cca40187,2026-07-01T01:00:00Z,-,1675,1625,1.493,1.207,0.4364936146367015,0.2687026746928609,0.2948037106704375,2.2,2.95,3.85,0.4377277810962949,0.2554185732511336,0.3068536456525714,0.431556948798328,0.32183908045977,0.2466039707419017,2026-06-28T08:34:51Z,Mexico,Ecuador,HOME,HOME,True,2-0,False,False,True,True
5ff7744314f224c18d1604ee9cc19263,2026-07-01T16:00:00Z,England,DR Congo,True,2.0,1.0,2026-07-04T02:02:05Z,2026-07-01 16:00:00+00:00,dr congo||england,Round of 32,5ff7744314f224c18d1604ee9cc19263,2026-07-01T16:00:00Z,-,1835,1395,2.607,0.4,0.8218207809619249,0.1304341897013511,0.0477450293367238,1.29,5.3,11.5,0.842851730844027,0.118154571747008,0.0389936974089649,0.7376969814335165,0.1795526615187238,0.0827503570477596,2026-06-28T08:34:51Z,England,DR Congo,HOME,HOME,True,2-1,False,False,True,True
658ac8cbf214ca3cc150109b4ddc1e74,2026-07-01T20:00:00Z,Belgium,Senegal,True,3.0,2.0,2026-07-04T02:02:05Z,2026-07-01 20:00:00+00:00,belgium||senegal,Round of 32,658ac8cbf214ca3cc150109b4ddc1e74,2026-07-01T20:00:00Z,-,1780,1665,1.679,1.021,0.5096102468858285,0.2554901682063492,0.2348995849078223,2.16,3.1,3.75,0.527015079528144,0.2427191312866636,0.2302657891851923,0.4399909163165663,0.3065743158850914,0.2534347677983422,2026-06-28T08:34:51Z,Belgium,Senegal,HOME,HOME,True,3-2,False,False,False,False
9eeb4876001f5a52ce3c3641bd5f1f2f,2026-07-02T00:00:00Z,United States,Bosnia and Herzegovina,True,2.0,0.0,2026-07-04T02:02:05Z,2026-07-02 00:00:00+00:00,bosnia and herzegovina||united states,Round of 32,9eeb4876001f5a52ce3c3641bd5f1f2f,2026-07-02T00:00:00Z,-,1695,1445,2.064,0.636,0.7065738228525404,0.1899847331052478,0.1034414440422117,,,,,,,,,,2026-06-25T20:59:29Z,United States,Bosnia and Herzegovina,HOME,HOME,True,2-0,True,True,True,True
a518ac20df8f5c732b881e213ae0c230,2026-07-02T19:00:00Z,Spain,Austria,True,3.0,0.0,2026-07-04T02:02:05Z,2026-07-02 19:00:00+00:00,austria||spain,Round of 32,a518ac20df8f5c732b881e213ae0c230,2026-07-02T19:00:00Z,-,1845,1655,1.893,0.807,0.6531794050406176,0.2090109796649148,0.1378096152944677,1.27,5.4,13.0,0.6289101318137678,0.2171514212295703,0.1539384469566619,0.7502564979480165,0.1764492134062927,0.0732942886456908,2026-06-28T08:34:51Z,Spain,Austria,HOME,HOME,True,3-0,False,False,True,True
852b4baf0be4b9eef2a30596a8d39249,2026-07-02T23:00:00Z,Portugal,Croatia,True,2.0,1.0,2026-07-04T02:02:05Z,2026-07-02 23:00:00+00:00,croatia||portugal,Round of 32,852b4baf0be4b9eef2a30596a8d39249,2026-07-02T23:00:00Z,-,1815,1745,1.55,1.15,0.4739098880191667,0.2581761564279028,0.2679139555529304,1.85,3.36,4.5,0.4649472872010596,0.2525522982960801,0.2825004145028602,0.5097602912915951,0.2806715889551937,0.2095681197532113,2026-06-28T08:34:51Z,Portugal,Croatia,HOME,HOME,True,2-1,False,True,True,True
c17fe2e46190d7ab6af01504ff240e82,2026-07-03T03:00:00Z,Switzerland,Algeria,True,2.0,0.0,2026-07-04T02:59:59Z,2026-07-03 03:00:00+00:00,algeria||switzerland,Round of 32,c17fe2e46190d7ab6af01504ff240e82,2026-07-03T03:00:00Z,-,1685,1525,1.807,0.893,0.5730239330300788,0.2355474968545465,0.1914285701153745,1.85,3.6,4.2,0.5883611345617102,0.2286983304590461,0.1829405349792436,0.5116751269035532,0.2629441624365482,0.2253807106598984,2026-06-28T08:34:51Z,Switzerland,Algeria,HOME,HOME,True,2-0,False,True,True,True
fb270a3dac2b682c861bd674a5ff4a04,2026-07-03T18:00:00Z,Australia,Egypt,True,1.0,1.0,2026-07-04T04:01:46Z,2026-07-03 18:00:00+00:00,australia||egypt,Round of 32,fb270a3dac2b682c861bd674a5ff4a04,2026-07-03T18:00:00Z,-,1595,1555,1.464,1.236,0.3934872864365407,0.2675354663337568,0.3389772472297024,3.5,3.05,2.28,0.4239728180694956,0.2565170329445302,0.3195101489859741,0.2715451599047209,0.3116091998906634,0.4168456402046155,2026-06-27T08:14:34Z,Australia,Egypt,HOME,DRAW,False,1-1,True,True,True,True
3e161b2448ed76d6b0c0f5bda6fd5bf2,2026-07-03T22:00:00Z,Argentina,Cape Verde,True,3.0,2.0,2026-07-04T04:01:46Z,2026-07-03 22:00:00+00:00,argentina||cape verde,Round of 32,3e161b2448ed76d6b0c0f5bda6fd5bf2,2026-07-03T22:00:00Z,-,1885,1365,2.836,0.4,0.8565879052588079,0.1061958236949942,0.0372162710461978,1.17,7.5,17.0,0.8666238451697061,0.1009034579397494,0.0324726968905444,0.8164441456152147,0.1273652867159734,0.0561905676688118,2026-06-27T08:14:34Z,Argentina,Cape Verde,HOME,HOME,True,3-2,False,False,False,False
88e032a2b2e5042d26db3f0da1df924a,2026-07-04T01:30:00Z,Colombia,Ghana,True,1.0,0.0,2026-07-04T04:01:46Z,2026-07-04 01:30:00+00:00,colombia||ghana,Round of 32,88e032a2b2e5042d26db3f0da1df924a,2026-07-04T01:30:00Z,-,1735,1435,2.207,0.493,0.7326062031312753,0.1826365696170139,0.0847572272517106,1.6,3.7,6.4,0.767163376404054,0.1640386839088177,0.0687979396871283,0.5943775100401607,0.2570281124497992,0.1485943775100401,2026-06-28T08:34:51Z,Colombia,Ghana,HOME,HOME,True,1-0,False,True,True,True
9c7073ae2c29ee4881bb695f92168c68,2026-07-04T17:00:00Z,Canada,Morocco,True,0.0,3.0,2026-07-07T07:29:00Z,2026-07-04 17:00:00+00:00,canada||morocco,Round of 16,9c7073ae2c29ee4881bb695f92168c68,2026-07-04T17:00:00Z,-,1515,1715,0.779,1.921,0.1540102133017523,0.2232335948906158,0.6227561918076319,5.0,3.6,1.74,0.1450063960410964,0.2130609233548059,0.6419326806040975,0.1900254823443757,0.2639242810338551,0.5460502366217691,2026-06-30T08:43:04Z,Canada,Morocco,AWAY,AWAY,True,0-3,False,False,True,True
c798a1ffdeda28e82d930e7145a8ff10,2026-07-04T21:03:00Z,Paraguay,France,True,0.0,1.0,2026-07-07T20:14:48Z,2026-07-04 21:03:00+00:00,france||paraguay,Round of 16,c798a1ffdeda28e82d930e7145a8ff10,2026-07-04T21:00:00Z,-,1575,1865,0.521,2.179,0.071240608515739,0.1626666381814956,0.7660927533027654,17.0,7.0,1.18,0.0750336550242556,0.169291755505854,0.7556745894698902,0.0560684224816725,0.1361661688840618,0.8077654086342655,2026-07-01T08:58:43Z,Paraguay,France,AWAY,AWAY,True,0-1,False,True,True,True
a4634eae056c18d705e3feffb347163f,2026-07-05T20:00:00Z,Brazil,Norway,True,1.0,2.0,2026-07-07T20:14:48Z,2026-07-05 20:00:00+00:00,brazil||norway,Round of 16,a4634eae056c18d705e3feffb347163f,2026-07-05T20:00:00Z,-,1825,1565,2.093,0.607,0.6770724025332716,0.2015014442259136,0.1214261532408147,1.87,3.55,4.25,0.7192279279732351,0.1849189135608223,0.0958531584659425,0.5084503007734172,0.267831566886279,0.2237181323403036,2026-06-30T20:57:21Z,Brazil,Norway,HOME,AWAY,False,1-2,False,False,False,False
e61a7b471cadc8e3849158ed59d49cab,2026-07-06T01:00:00Z,Mexico,England,True,2.0,3.0,2026-07-07T20:14:48Z,2026-07-06 01:00:00+00:00,england||mexico,Round of 16,e61a7b471cadc8e3849158ed59d49cab,2026-07-06T00:00:00Z,-,1675,1835,0.893,1.807,0.2017095708405377,0.2445658072243797,0.5537246219350825,3.45,3.1,2.3,0.1829405349792436,0.2286983304590461,0.5883611345617102,0.2767857142857143,0.3080357142857142,0.4151785714285714,2026-07-01T20:48:06Z,Mexico,England,AWAY,AWAY,True,2-3,False,False,False,False
16ed3adcf661b3a9bea39871a2d204df,2026-07-06T19:00:00Z,Portugal,Spain,True,0.0,1.0,2026-07-07T20:14:48Z,2026-07-06 19:00:00+00:00,portugal||spain,Round of 16,16ed3adcf661b3a9bea39871a2d204df,2026-07-06T19:00:00Z,-,1815,1845,1.264,1.436,0.3117616195182705,0.2592921183254029,0.4289462621563266,4.1,3.55,1.89,0.3318884203859126,0.2573445066535439,0.4107670729605434,0.2312544160477019,0.2670825650128388,0.5016630189394593,2026-07-03T08:32:31Z,Portugal,Spain,AWAY,AWAY,True,0-1,False,True,True,True
810f80b3ae79f5e86b3747ca15718ed8,2026-07-07T00:00:00Z,United States,Belgium,True,1.0,4.0,2026-07-07T23:02:33Z,2026-07-07 00:00:00+00:00,belgium||united states,Round of 16,810f80b3ae79f5e86b3747ca15718ed8,2026-07-07T00:00:00Z,-,1695,1780,1.107,1.593,0.2646231148195949,0.2497807521725463,0.4855961330078587,,,,,,,,,,2026-07-02T08:28:18Z,United States,Belgium,AWAY,AWAY,True,1-4,False,False,False,False
190922affd0be754bfefd71548dbf90d,2026-07-07T16:01:00Z,Argentina,Egypt,True,3.0,2.0,2026-07-07T23:02:33Z,2026-07-07 16:01:00+00:00,argentina||egypt,Round of 16,190922affd0be754bfefd71548dbf90d,2026-07-07T16:00:00Z,-,1885,1555,2.293,0.407,0.7811439624568548,0.1577466810491218,0.0611093564940233,1.36,4.8,9.5,0.8011747569082348,0.1475277123985995,0.0512975306931656,0.7010207846513343,0.1986225556512114,0.1003566596974541,2026-07-04T08:08:53Z,Argentina,Egypt,HOME,HOME,True,3-2,False,False,False,False
a6da973c5749ce60adab77d64b3664f4,2026-07-07T20:00:00Z,Switzerland,Colombia,True,0.0,0.0,2026-07-07T23:02:33Z,2026-07-07 20:00:00+00:00,colombia||switzerland,Round of 16,a6da973c5749ce60adab77d64b3664f4,2026-07-07T20:00:00Z,-,1685,1735,1.207,1.493,0.2975813246262539,0.2677212551276797,0.4346974202460663,3.65,3.0,2.25,0.3068536456525714,0.2554185732511336,0.4377277810962949,0.260492040520984,0.3169319826338639,0.4225759768451519,2026-07-04T08:08:53Z,Switzerland,Colombia,AWAY,DRAW,False,0-0,False,False,False,True
b6e926d7f026782b9cab2fa02b823d92,2026-07-09T20:00:00Z,France,Morocco,True,2.0,0.0,2026-07-12T02:08:30Z,2026-07-09 20:00:00+00:00,france||morocco,Quarterfinal,b6e926d7f026782b9cab2fa02b823d92,2026-07-09T20:00:00Z,-,1865,1715,1.779,0.921,0.5801889630825893,0.2340613265151779,0.1857497104022329,1.57,3.9,6.0,0.5750166522008214,0.232103659145436,0.1928796886537425,0.6008782066096602,0.2418919959941453,0.1572297973961944,2026-07-05T08:24:02Z,France,Morocco,HOME,HOME,True,2-0,False,True,True,True
fca257de4583bd4bc592e8b2a8f24ad7,2026-07-10T19:00:00Z,Spain,Belgium,True,2.0,1.0,2026-07-12T02:08:30Z,2026-07-10 19:00:00+00:00,belgium||spain,Quarterfinal,fca257de4583bd4bc592e8b2a8f24ad7,2026-07-10T19:00:00Z,-,1845,1780,1.536,1.164,0.4821394991918179,0.2515930314987203,0.2662674693094617,1.63,3.85,5.3,0.4582428276768291,0.2533423489863621,0.2884148233368088,0.5777261852517731,0.2445957615481532,0.1776780532000736,2026-07-07T08:48:38Z,Spain,Belgium,HOME,HOME,True,2-1,False,True,True,True
e66e4478b739fa0657a7a11235e1fcee,2026-07-11T21:01:00Z,Norway,England,True,1.0,2.0,2026-07-12T04:05:39Z,2026-07-11 21:01:00+00:00,england||norway,Quarterfinal,e66e4478b739fa0657a7a11235e1fcee,2026-07-11T21:00:00Z,-,1565,1835,0.579,2.121,0.1200037026199858,0.1978010725448016,0.6821952248352127,3.85,3.5,1.94,0.0887981668918424,0.1799242331595482,0.7312775999486094,0.2448258455325593,0.2693084300858152,0.4858657243816255,2026-07-06T09:15:44Z,Norway,England,AWAY,AWAY,True,1-2,False,False,True,True
200d9cd5eda092c7eb778cc104cd2fd2,2026-07-12T01:00:00Z,Argentina,Switzerland,True,3.0,1.0,2026-07-12T04:05:39Z,2026-07-12 01:00:00+00:00,argentina||switzerland,Quarterfinal,200d9cd5eda092c7eb778cc104cd2fd2,2026-07-12T01:00:00Z,-,1885,1685,1.921,0.779,0.6256956771935585,0.2265235050389849,0.1477808177674566,1.7,3.4,6.0,0.6419326806040975,0.2130609233548059,0.1450063960410964,0.5607476635514018,0.2803738317757009,0.1588785046728972,2026-07-08T07:44:23Z,Argentina,Switzerland,HOME,HOME,True,3-1,False,False,False,True
f9aa13a662d1658e5a02cfc06d6a2d73,2026-07-14T19:00:00Z,France,Spain,True,0.0,2.0,2026-07-15T23:04:37Z,2026-07-14 19:00:00+00:00,france||spain,Semifinal,f9aa13a662d1658e5a02cfc06d6a2d73,2026-07-14T19:00:00Z,-,1865,1845,1.407,1.293,0.3987439659513903,0.2649366375436548,0.3363193965049548,2.35,3.25,3.15,0.3971788447896483,0.2579584539367884,0.3448627012735633,0.4050044505983582,0.2928493719711206,0.3021461774305212,2026-07-11T07:22:06Z,France,Spain,HOME,AWAY,False,0-2,False,False,False,True
ced22494ae0bbb8cc4f7108bf6f493df,2026-07-15T19:00:00Z,England,Argentina,True,1.0,2.0,2026-07-15T23:04:37Z,2026-07-15 19:00:00+00:00,argentina||england,Semifinal,ced22494ae0bbb8cc4f7108bf6f493df,2026-07-15T19:00:00Z,-,1835,1885,1.207,1.493,0.3212466639762322,0.2674713148127195,0.4112820212110482,2.5,3.0,3.1,0.3068536456525714,0.2554185732511336,0.4377277810962949,0.3788187372708758,0.3156822810590631,0.3054989816700611,2026-07-12T07:39:44Z,England,Argentina,AWAY,AWAY,True,1-2,False,True,True,True
7a49e7985534a5ff3428740d0b630fd7,2026-07-18T21:00:00Z,France,England,True,4.0,6.0,2026-07-18T23:08:08Z,2026-07-18 21:00:00+00:00,england||france,Third Place,7a49e7985534a5ff3428740d0b630fd7,2026-07-18T21:00:00Z,-,1865,1835,1.436,1.264,0.4253855404221053,0.2571385482485633,0.3174759113293313,1.96,3.7,3.65,0.4107670729605434,0.2573445066535439,0.3318884203859126,0.483859410268353,0.2563147146286409,0.259825875103006,2026-07-16T07:34:18Z,France,England,HOME,AWAY,False,4-6,False,False,False,False
fb30113e43d113f1ace48b8563ba1ee9,2026-07-19T19:05:00Z,Spain,Argentina,True,1.0,0.0,2026-07-19T20:05:26Z,2026-07-19 19:05:00+00:00,argentina||spain,Final,fb30113e43d113f1ace48b8563ba1ee9,2026-07-19T19:00:00Z,-,1845,1885,1.236,1.464,0.3378452204097324,0.2704361549101732,0.3917186246800943,2.3,2.9,3.6,0.3195101489859741,0.2565170329445302,0.4239728180694956,0.4111855061047657,0.3261126427727451,0.2627018511224891,2026-07-16T07:34:18Z,Spain,Argentina,AWAY,HOME,False,1-0,False,False,True,True
